nama,tipe,golongan,jumlah_kamar,alamat,lat,lon
105 Losmen,Non Bintang,Melati,15.0,Sosrowijayan Wetan GT I/105,-7.790382,110.36593
51 Losmen,Non Bintang,Melati,2.0,Sosrowijayan Wetan Gt I/51 RT 013 RW 02,-7.790211,110.36412
Abadi Hotel Malioboro,Bintang,Bintang Tiga,85.0,Jl. Pasar Kembang No. 49,-7.790189,110.36325
Abrakadabra ART B&B,Non Bintang,Akomodasi Lain,6.0,Minggiran Baru No. 19,-7.820833,110.36107
Adaro Homestay,Non Bintang,Vila,2.0,Demakan Baru TR III/765,-7.790391,110.35188
Adelia Homestay,Non Bintang,Akomodasi Lain,4.0,Tentara Zeni Pelajar No. 63 RT 006 RW 002,-7.783499,110.35843
Adem Ayem Homestay,Non Bintang,Akomodasi Lain,5.0,Suryodiningratan No. 913,-7.818357787,110.3607297
Adhisthana Hotel,Non Bintang,Melati,54.0,Jl. Prawirotaman II No. 613,-7.819821,110.37219
Adya Nalendra Hotel,Non Bintang,Melati,15.0,Jl. Trimargo Kulon No. 94,-7.779148,110.36407
Agung Guest House,Non Bintang,Melati,11.0,Prawirotaman MG III/609,-7.820158,110.37243
Agung Inn And Tourist Service,Non Bintang,Pondok Wisata,7.0,Jl. Prawirotaman No. 30,-7.819057,110.37151
Agung Kencana Hotel,Non Bintang,Melati,30.0,Jl. Menteri Supeno No. 55,-7.815849,110.3798
Agung Mas Hotel,Non Bintang,Melati,38.0,Jl. Hos Cokroaminoto No. 108,-7.791195,110.35397
Ainard Wisma,Non Bintang,Pondok Wisata,12.0,Jl. Miliran No.14 RT 014 RW 04,-7.800715,110.3878
Airlangga Hotel,Bintang,Bintang Satu,24.0,Jl. Prawirotaman No. 6-8,-7.818848,110.36898
Akur Hotel,Non Bintang,Melati,23.0,Jl. Mataram No. 8,-7.793972,110.36785
Akur Losmen,Non Bintang,Pondok Wisata,3.0,Sosrowijayan Kulon GT I/183,-7.791103,110.36333
Al Barokah Hotel,Non Bintang,Melati,20.0,Jl. Balirejo No. 27,-7.797191,110.39404
Aladira Homestay,Non Bintang,Vila,3.0,Ngadinegaran MJ III No. 21,-7.814342,110.36394
All Attar Penginapan,Non Bintang,Melati,12.0,Jl. Veteran No. 218 Pandeyan,-7.81589,110.38518
Aloha Hotel,Non Bintang,Melati,15.0,Prawirotaman MG III/573 B,-7.818566,110.37221
AM Penginapan,Non Bintang,Melati,6.0,Jl. Ontorejo 2,-7.803286,110.3536
Amalia Hotel,Bintang,Bintang Satu,20.0,Sosrowijayan GT I/108,-7.792013,110.36532
Amarilis Homestay,Non Bintang,Akomodasi Lain,3.0,"Badran, Gg. Wijaya Kusuma No. 3 RT 42 RW 09",-7.787669,110.35629
Amaris Hotel,Bintang,Bintang Dua,71.0,Jl. Pangeran Diponegoro No.87,-7.782986,110.36284
Amaris Malioboro Hotel,Bintang,Bintang Empat,110.0,Jl. Pajeksan No. 10 Sosromenduran,-7.795822,110.36467
Amaris Sagan Hotel,Bintang,Bintang Tiga,102.0,Jl. Prof Herman Yohanes No.16,-7.779943,110.3792
AMM Wisma,Non Bintang,Akomodasi Lain,6.0,Purbayan,-7.830131,110.40297
Ancora Hotel,Non Bintang,Melati,22.0,Jl. Letjen Suprapto No. 36,-7.798221,110.35661
Anda Losmen,Non Bintang,Melati,5.0,Sosrowijayan Wetan GT I/143,-7.790364,110.36407
Andika Hotel,Non Bintang,Melati,37.0,Jl. Kapten Tendean No.61,-7.807057,110.35068
Andika Putra Hotel,Non Bintang,Melati,30.0,Jl. Kapten Tendean No. 6,-7.801579,110.3514
Andrea Hotel,Non Bintang,Melati,8.0,Sosrowijayan Wetan GT I/140,-7.790214,110.36405
Anugerah Penginapan,Non Bintang,Melati,5.0,Pajeksan GT I/688,-7.792806,110.36535
Anugrah Jaya Regina Losmen,Non Bintang,Melati,15.0,Sosrowijayan Wetan / 79,-7.786732,110.36392
Arawa Home Stay,Non Bintang,Akomodasi Lain,4.0,Timoho Gg. Sidoluhur 940,-7.788925,110.39438
Arimbi Lily Hotel,Non Bintang,Melati,11.0,Sosrowijayan Wetan GT I/75,-7.790818,110.36568
Arizon Hotel,Non Bintang,Melati,22.0,Jl. Jlagran No.6,-7.790767,110.36044
Arjuna 31 Homestay,Non Bintang,Akomodasi Lain,19.0,Arjuna No. 31,-7.80423,110.34794
Arjuna Hotel,Bintang,Bintang Tiga,72.0,Jl. P. Mangkubumi/Jl. Margo Utomo No. 44,-7.784965,110.36714
Arjuna Wisma,Non Bintang,Melati,10.0,Jl. Tirtodipuran No. 15,-7.814581,110.36363
Arkananta Villa ,Non Bintang,Akomodasi Lain,7.0,Tirtodipuran No. 49,-7.818305,110.36596
Armany Homestay,Non Bintang,Akomodasi Lain,4.0,Bugisan No. 36,-7.793753,110.35243
Armira Homestay,Non Bintang,Akomodasi Lain,2.0,Pakuncen No. 21,-7.780645,110.34706
Arrayan Residence Syariah,Bintang,Bintang Dua,34.0,Bhayangkara No. 13,-7.800071,110.3618
Arte Hotel,Bintang,Bintang Tiga,74.0,Pasar Kembang No. 53,-7.789757,110.36223
Arys Wisma,Non Bintang,Melati,25.0,Jl. Suryodiningratan No. 29,-7.817842,110.36037
Asana Grove Hotel,Bintang,Bintang Dua,36.0,Jl. Ganesha II No. 53,-7.792604,110.39456
Ashtary Hotel,Non Bintang,Melati,15.0,Jl. MT Haryono No. 29,-7.813598,110.35975
Asri Graha Hotel,Non Bintang,Melati,17.0,Jl. Veteran 184 A,-7.814897,110.3882
Astana Ibu ,Non Bintang,Akomodasi Lain,5.0,Ngadisuryan No. 3,-7.811336,110.36222
Atalie Hotel,Non Bintang,Melati,11.0,Jl. Sosrokusuman DN I/118,-7.793405,110.36683
Athaya Homestay,Non Bintang,Pondok Wisata,5.0,Tegalmulyo WB I/129B,-7.793155,110.35263
Atiep Siti Losmen,Non Bintang,Pondok Wisata,3.0,Sosrowijayan GT I/121,-7.79113,110.3641
Aura Hotel,Non Bintang,Akomodasi Lain,19.0,Sosrowijayan Wetan GT I/118,-7.789447,110.36382
Aveta Malioboro Hotel,Non Bintang,Akomodasi Lain,110.0,Malioboro No. 42,-7.793713,110.3658
Ayaartta Hotel,Bintang,Bintang Empat,71.0,Jl. KH Ahmad Dahlan No. 123,-7.801404,110.35693
Ayodya Garden Hostel,Non Bintang,Akomodasi Lain,4.0,Timuran No. 83,-7.817335,110.36854
Ayu Asha Penginapan,Non Bintang,Melati,9.0,Sosrokusuman DN I/171,-7.794021,110.3672
Bakti Hotel,Non Bintang,Melati,19.0,Jl. Hayam Wuruk 13,-7.794861,110.37239
Balai Latihan Ketrampilan Pay Aisyiyah,Non Bintang,Melati,25.0,Jl. Agus Salim No. 63,-7.804103,110.35688
Bali Omah Guest House,Non Bintang,Pondok Wisata,5.0,Jl. Kompol Bambang Suprapto No. 18,-7.790773,110.3841
Banana Homestay,Non Bintang,Akomodasi Lain,6.0,Gondomanan II No. 337,-7.805218,110.37052
Barbados Homestay,Non Bintang,Pondok Wisata,3.0,Perumahan Griya Asri No. 18A,-7.820013,110.35661
Batik Palace Yogyakarta,Bintang,Bintang Satu,40.0,Jl. Dagen Komplek Taman Yuwono,-7.792061,110.36511
Bejo Nrimo Homestay,Non Bintang,Akomodasi Lain,7.0,Gowongan Lor No. 15,-7.785387,110.36576
Bener Hotel,Non Bintang,Melati,51.0,Jl. Bener No.9,-7.78011,110.35157
Bening Hotel,Non Bintang,Melati,2.0,Jl. Hos Cokroaminoto No. 98 Sudagaran TR 3/895,-7.79224,110.35381
Berlian Palace Hotel,Non Bintang,Melati,18.0,Jl. Pasar Kembang No. 61,-7.789972,110.36274
Best City Hotel,Bintang,Bintang Tiga,84.0,Jl. Tentara Pelajar No. 44,-7.783216,110.36097
Beta Losmen,Non Bintang,Melati,6.0,Sosrowijayan Wetan Gg. 1 GT I/67,-7.790655,110.36501
Betty Losmen,Non Bintang,Melati,8.0,Sosrowijayan Wetan GT II/175,-7.790672,110.36382
Bhinneka Hotel,Non Bintang,Melati,70.0,Jl. Margo Utomo No. 38,-7.782252,110.36704
Bhumi Hostel,Non Bintang,Pondok Wisata,5.0,Jl. Raden Ronggo 14,-7.823205,110.39607
Bilik Bamboo Homestay,Non Bintang,Pondok Wisata,2.0,Timuran No. 90,-7.81706,110.36887
Bimo Homestay,Non Bintang,Pondok Wisata,3.0,Sosrowijayan No. 114 ,-7.790984,110.364363
Bina Sari Hotel,Non Bintang,Melati,6.0,Jl. Veteran No. 202,-7.815743156,110.3859835
Bintang Agung Hotel,Non Bintang,Melati,18.0,Jl. Parangtritis 30/42,-7.816747632,110.3679543
Bintang Fajar Hotel,Non Bintang,Pondok Wisata,31.0,Jl. Perintis Kemerdekaan No. 87,-7.818308374,110.3940255
Biyooshy Homestay,Non Bintang,Pondok Wisata,7.0,Jl. Dagen No. 4,-7.793030312,110.361523
Bladok Hotel,Non Bintang,Melati,36.0,Jl. Sosrowijayan No.76,-7.791146219,110.362747
Blue Safir Hotel,Non Bintang,Melati,19.0,Jl. Dagen No. 18-22,-7.793380423,110.3640584
Borobudur Guest House,Non Bintang,Pondok Wisata,6.0,Prawirotaman No. 5,-7.818628487,110.3691184
Bougenville Villa,Non Bintang,Pondok Wisata,2.0,Ngadinegaran MJ III No. 84,-7.827313237,110.4002381
Brawijaya Hotel,Non Bintang,Melati,12.0,Jl. Gambiran No. 1,-7.814276697,110.3917722
Bring In House Home Stay,Non Bintang,Akomodasi Lain,5.0,Pugeran Timur,-7.814869056,110.3592066
Brosta Hotel,Non Bintang,Melati,10.0,Jl. Ontorejo No. 4,-7.803060766,110.3534211
Bu Purwo Losmen,Non Bintang,Melati,7.0,Sosrowijayan Wetan GT I/100,-7.790130891,110.3650707
Bugis Asri Hotel,Non Bintang,Melati,14.0,Jl. Sugeng Jeroni No. 46,-7.811816195,110.3517249
Bugisan Hotel,Non Bintang,Melati,26.0,Jl. Sugeng Jeroni No. 48,-7.811860629,110.3514728
Bukit Uhud Syariah Hotel,Non Bintang,Melati,20.0,Jl. Sidokabul No. 15 Sorosutan,-7.817243315,110.381644
Bunga Guest House Jumiyanto,Non Bintang,Pondok Wisata,12.0,Jl. Nitikan Baru No 11 Pandeyan Umbulharjo,-7.81781372,110.383349
Burza Hotel,Bintang,Bintang Tiga,101.0,Jl. Jogokariyan No. 63,-7.823547048,110.3666789
Cabin Hotel,Non Bintang,Melati,25.0,Jl. Dr. Sutomo No. 2,-7.823393248,110.3666369
Cabin Hotel,Non Bintang,Melati,16.0,Jl. Bhayangkara 11,-7.800269877,110.3618851
Cahaya Homestay,Non Bintang,Akomodasi Lain,17.0,Tohpati No. 64,-7.811447492,110.3812151
Cahaya Kasih Hotel,Non Bintang,Melati,12.0,"Jl. Malioboro, Sosrowijayan Wetan GT I/280",-7.791939252,110.3652493
Cailendra Guest House,Non Bintang,Melati,15.0,Jl. Taman Siswa No. 91,-7.810171965,110.3772925
Calegesco Melati Satu Hotel,Non Bintang,Melati,26.0,Jl. Hos Cokroaminoto No. 159,-7.789639888,110.3533482
Candi Losmen,Non Bintang,Melati,10.0,Jl. Pasar Kembang No. 5,-7.789952389,110.3654419
Candra Dewi Hotel,Non Bintang,Melati,40.0,Jl. Kol. Sugiyono No. 23 Keparakan,-7.814439614,110.3710409
Candra Kirana Hotel,Non Bintang,Melati,22.0,Jl. Parangtritis No. 108,-7.821604005,110.3676708
Caniga Hotel,Non Bintang,Melati,39.0,Jl. Kyai Guno Mrico 9,-7.834692646,110.3941213
Cantya Hotel,Non Bintang,Melati,56.0,Jl. Sisingamangaraja No. 21A,-7.821984721,110.3735994
Casa Rafles,Non Bintang,Pondok Wisata,4.0,Jl. KH Ahmad Dahlan Purwodiningratan NG I/915,-7.800739865,110.3578066
Cavinton Hotel,Bintang,Bintang Empat,200.0,Jl. Letjend Suprapto No. 1 Ngampilan,-7.800563212,110.3558658
Cempaka Hotel,Non Bintang,Melati,34.0,Jl. Taman Siswa No. 75,-7.808580664,110.3773762
Cepuri Hotel,Non Bintang,Melati,18.0,Karang Kajen MG 3 No. 838,-7.819882672,110.3706925
Ceria Hotel,Non Bintang,Melati,16.0,Jl. Ibu Ruswo No. 57,-7.803341225,110.3685637
Checkly Homestay,Non Bintang,Akomodasi Lain,3.0,Pujokusuman MG I No. 413,-7.813110553,110.3708945
Chendela Guest House,Non Bintang,Akomodasi Lain,6.0,Panembahan Mangkurat No. 10,-7.806836221,110.366693
Cinka Garini Hotel,Non Bintang,Melati,39.0,Jl. Nitikan Baru No. 30,-7.818364958,110.3825928
Citra Dream Hotel,Bintang,Bintang Dua,110.0,Jl. AM Sangaji No. 28 Cokrodiningratan,-7.779958853,110.3677107
Citra Hotel,Non Bintang,Melati,28.0,Jl. Janturan No. 14,-7.803542796,110.3902627
Citra Indah Hotel,Non Bintang,Melati,27.0,Jl. Letjend Suprapto No. 111,-7.79269165,110.356698
Citra Kita Hotel,Non Bintang,Melati,12.0,Jl. Poncowinatan 79-81,-7.781917454,110.361108
Cordela Kartika Dewi Hotel,Bintang,Bintang Dua,68.0,Jl. Bhayangkara No. 35,-7.798067945,110.3617981
Cristalit Hotel,Non Bintang,Melati,14.0,Jl. Prawirotaman 2 MG III/633,-7.819857733,110.3694741
Dafam Fortuna,Bintang,Bintang Tiga,94.0,Jl. Dagen No. 60,-7.79320319,110.3628597
Dahlia Guest House,Non Bintang,Akomodasi Lain,11.0,Jl. Veteran Gang Manunggal No. 2 Kebrokan,-7.815322741,110.3895749
Dana Penginapan,Non Bintang,Melati,17.0,Mantrijeron MJ 3/837 RT 57 RW 15,-7.819340231,110.3656011
Darma Putra Baciro,Non Bintang,Akomodasi Lain,12.0,Andong No. 01 Baciro,-7.794936783,110.3828694
De Hostel Homestay,Non Bintang,Pondok Wisata,8.0,Jl. Prawirotaman 1 Gang Batik Gringsing No. 1,-7.818476658,110.3700251
De Laxston Hotel,Bintang,Bintang Tiga,71.0,Jl. Urip Sumoharjo No. 139A,-7.782775645,110.3871717
Deep Purple 3,Non Bintang,Akomodasi Lain,4.0,Gedongkiwo MJ I/ RT 54 RW 11,-7.816300586,110.3545641
Delta Homestay,Non Bintang,Melati,14.0,Jl. Prawirotaman 2 MG 3 No. 597 A,-7.819563104,110.3695831
Delta Timoho Regency,Non Bintang,Melati,19.0,Jl. Timoho No. 3A RT 073 RW 19,-7.791456238,110.3930414
Denadifa Homestay,Non Bintang,Akomodasi Lain,10.0,Daradasih No. 25,-7.81055647,110.347518
Dewa Homestay,Non Bintang,Akomodasi Lain,5.0,Sosrowijayan Wetan GT 1 No 154,-7.79107387,110.363584
Dewa Ruci 2 Hotel,Non Bintang,Melati,20.0,Jl. Imogiri Timur No. 158,-7.828316122,110.3897603
Dewa Ruci 1 Hotel,Non Bintang,Melati,20.0,Jl. Veteran No. 169,-7.816343902,110.3851274
Dewi Homestay,Non Bintang,Melati,8.0,Jl. Sosrowijayan Wetan GT 1/115,-7.791162832,110.364408
Dewi Rahayu 1 Penginapan,Non Bintang,Melati,13.0,Jl. Pasar Kembang No. 7,-7.78977261,110.3653507
Dewi Rahayu 2,Non Bintang,Melati,12.0,Jl. Jlagran Lor No. 19,-7.789452088,110.3614862
Dewi Sri Hotel,Non Bintang,Melati,18.0,Jl. Mangkuyudan No. 65,-7.821468547,110.3674902
Dhina Finny Graha,Non Bintang,Melati,8.0,Jl. Parangtritis MG 3/115E,-7.821319218,110.3683533
Diaga Graha Hotel,Non Bintang,Melati,16.0,Prawirotaman MG 3/648,-7.820547859,110.3687383
Dian Losmen,Non Bintang,Akomodasi Lain,12.0,Sosrowijayan Kulon GT I/176,-7.790500018,110.363417
Diana Hotel Jogja,Non Bintang,Melati,56.0,Tirtodipuran No. 9,-7.817939903,110.363801
Dieng Permai Hotel,Non Bintang,Melati,20.0,Jl. Bumijo No. 20,-7.785615027,110.3631083
Dina Hotel,Non Bintang,Melati,20.0,Jl. Parangtritis No. 15,-7.81546056,110.3687734
Diratna Homestay,Non Bintang,Pondok Wisata,6.0,Kemetiran No. 16 RT 48 RW 13,-7.792174033,110.3603212
Djambu Indah Hotel,Non Bintang,Melati,16.0,Jl. Mas Suharto No. 16 Tegalpanggung,-7.793637091,110.3703214
Djava Homestay,Non Bintang,Akomodasi Lain,10.0,Timuran MG 3/104 C,-7.795756984,110.3745821
Doyani Home Syariah,Non Bintang,Pondok Wisata,5.0,Jl. Poncowolo 13 Ketanggungan Wirobrajan,-7.805252567,110.3463436
DS 681 Home Stay,Non Bintang,Akomodasi Lain,5.0,Gg. Hansip Karno Waluyo DN 2/681,-7.79060468,110.3715189
Dsenopati Malioboro Grand Hotel,Bintang,Bintang Tiga,108.0,Jl. Panembahan Senopati No. 40 Prawirodirjan,-7.801555863,110.3700171
Dtalent Hotel,Non Bintang,Melati,24.0,Prawirotaman MG3,-7.820656184,110.3693109
Dumai Family And Guest House,Non Bintang,Pondok Wisata,3.0,Kauman GM 1/231,-7.805002691,110.3614445
Dusun Jogja Village Inn,Bintang,Bintang Tiga,24.0,"Jl. Menukan 5, Karangkajen",-7.823667183,110.3688657
Duta Garden Hotel,Non Bintang,Melati,18.0,Timuran MG 3/103,-7.816537711,110.3695116
Duta Guest House,Non Bintang,Pondok Wisata,25.0,Jl. Prawirotaman No. 26,-7.819183042,110.3709846
Duta Kencana Hotel,Non Bintang,Melati,14.0,Jl. Ireda 76,-7.813640668,110.3715104
Duta Wisata Hotel,Non Bintang,Melati,18.0,Jl. Urip Sumoharjo No. 79,-7.779464868,110.3832898
Duta Wisata II Hotel,Non Bintang,Melati,19.0,Jl. Laksda Adisucipto No. 8,-7.782961314,110.3883732
Dwi Warna Hotel,Non Bintang,Melati,19.0,Jl. S. Parman No. 46,-7.807827372,110.3532486
Dwijaya Wisma,Non Bintang,Melati,9.0,Mantrijeron MJ 3/831,-7.819531475,110.3660709
Eclipse Hotel,Bintang,Bintang Dua,27.0,Jl. Prawirotaman No. 35,-7.818932554,110.3720651
Edelweiss Hotel,Bintang,Bintang Tiga,95.0,Jl. Gejayan No. 17 C,-7.779988163,110.3879194
Edotel Kenari Yogyakarta,Non Bintang,Melati,20.0,Jl. Kenari No.4,-7.797567054,110.3822279
Edotel Umbulharjo Yogyakarta,Non Bintang,Melati,15.0,Jl. Sidikan No. 60,-7.820581326,110.385236
Edu Hostel,Non Bintang,Melati,60.0,Jl. Letjend Suprapto No. 17,-7.799230555,110.3561532
Ekkon Hotel,Non Bintang,Melati,24.0,Jl. Hos Cokroaminoto Cokro Square Kavling O,-7.789464829,110.3540804
Eko Ariyanto Homestay,Non Bintang,Akomodasi Lain,3.0,Sosrowijayan Wetan GT 1 No 106,-7.790055349,110.3651598
El Royal Hotel Malioboro,Bintang,Bintang Empat,108.0,Dagen No. 6,-7.793397221,110.3649514
Emdi House Timoho,Non Bintang,Melati,10.0,Jl. Timoho 2 No. 32 A,-7.79566153,110.3908904
Emersia Malioboro Hotel,Bintang,Bintang Tiga,51.0,Jl. Gowongan Kidul No. 34,-7.786754877,110.3641288
Emilia Homestay Kost Eksklusive,Non Bintang,Pondok Wisata,10.0,Gejayan Kepuh GK III/976,-7.780906983,110.3866352
F77 Hotel,Non Bintang,Melati,19.0,Jl. RE Martadinata 73,-7.800885367,110.3489675
Famili Homestay,Non Bintang,Melati,16.0,Jl. Sosrowijayan No. 47,-7.79141729,110.362916
Familia Residence,Non Bintang,Melati,15.0,Jl. Bausaran DN 3/949,-7.796185093,110.3753659
Family Losmen,Non Bintang,Melati,25.0,Jl. Dagen No. 14,-7.793435967,110.3645338
Family Villa,Non Bintang,Vila,3.0,Awana Town House No. 19,-7.813205175,110.366304
Faros/Home Stay Agus,Non Bintang,Pondok Wisata,2.0,Kemetiran Kidul GT 2 No. 742,-7.79281191,110.3569802
Fatia Homestay,Non Bintang,Akomodasi Lain,2.0,Kebun Raya No. 29 Gg. Teratai,-7.805734894,110.3984886
Fave Hotel,Bintang,Bintang Tiga,101.0,Jl. Kusumanegara No. 91,-7.801025374,110.3882374
Fave Hotel Malioboro,Bintang,Bintang Tiga,75.0,Jl. I Dewa Nyoman Oka No. 30 Kotabaru,-7.785359696,110.3699484
Fevytra Hotel,Non Bintang,Melati,22.0,Jl. Prof. Dr. Supomo SH 1060,-7.81322148,110.3892919
Forriz Hotel,Bintang,Bintang Empat,116.0,Hos Cokroaminoto No. 60 Pakuncen,-7.795292679,110.3534946
Fortuna Guest House,Non Bintang,Pondok Wisata,9.0,Jl. Pugeran Timur No. 22,-7.815102148,110.3591289
Front One Cabin Malioboro,Bintang,Bintang Satu,27.0,Jl. Jagalan Beji No. 61,-7.79694509,110.3705555
Gaia Cosmo Hotel,Bintang,Bintang Tiga,179.0,Jl. Ipda Tut Harsono No. 16 Muja Muju,-7.798723673,110.3928705
Gajah Guest House Wisma,Non Bintang,Pondok Wisata,25.0,Jl. Prawirotaman No. 4,-7.818885813,110.368604
Gallery Prawirotaman Hotel,Bintang,Bintang Empat,94.0,Jl. Prawirotaman II/ Jl. Gerilya No. 839 B MG,-7.820140155,110.3712935
Galuh Anindita Hotel,Non Bintang,Melati,30.0,Jl. Candra Kirana No. 10,-7.781290323,110.376991
Gautama Hotel,Non Bintang,Melati,10.0,Sosrokusuman DN I/181,-7.793777881,110.3673315
Gedong Kuning Hotel,Non Bintang,Melati,15.0,Jl Gedong Kuning No. 82A,-7.806277836,110.4018953
Giri Artha Guest House,Non Bintang,Akomodasi Lain,11.0,Tegal Panggung No. 42,-7.794719071,110.3710637
Gloria Amanda Hotel,Non Bintang,Melati,42.0,Jl. Sosrowijayan GT I/195,-7.790886558,110.3634111
Glory Homestay,Non Bintang,Pondok Wisata,3.0,Timuran MG 3 No. 85,-7.81729967,110.3687787
Good Karma Home Stay,Non Bintang,Pondok Wisata,5.0,Timuran MG 3/100,-7.816474511,110.3693442
Gowongan Inn,Bintang,Bintang Tiga,54.0,Jl. Gowongan Kidul No. 50,-7.786787086,110.3631925
Grage Jogja Hotel,Bintang,Bintang Dua,87.0,Jl. Sosrowijayan No. 242,-7.791100739,110.3623193
Grage Ramayana Hotel,Bintang,Bintang Tiga,71.0,Jl. Sosrowijayan No. 33,-7.791731799,110.3638782
Graha Kinasih Kotabaru,Bintang,Bintang Satu,19.0,"Jl. Ungaran No. 1 Kotabaru, Gondokusuman",-7.786970576,110.3706131
Gran Puri Saron Hotel,Non Bintang,Melati,47.0,Sosrowijayan No. 70,-7.79110023,110.3628993
Grand Aston Yogyakarta Hotel Convention Center,Bintang,Bintang Lima,146.0,Jl. Urip Sumoharjo No. 37,-7.782585054,110.3819042
Grand Marto Hotel,Non Bintang,Melati,16.0,Jl. Sisingamangaraja No. 78,-7.818658267,110.3730824
Grand Rosela Hotel,Bintang,Bintang Satu,51.0,Jl. Prawirotaman No. 28,-7.819124338,110.3711863
Grand Senyum Hotel,Bintang,Bintang Tiga,57.0,Jl. P. Diponegoro No. 27,-7.783204494,110.3654376
Grand Surya Hotel,Non Bintang,Melati,17.0,Jl. Suryodoningratan No. 428,-7.817276712,110.3582288
Grand Zea Homestay,Non Bintang,Akomodasi Lain,10.0,Golo Gang Pulanggeni No. 5/421 A,-7.814336923,110.3807049
Grand Zuri Malioboro Yogyakarta Hotel,Bintang,Bintang Empat,138.0,Jl. Margo Utomo No. 18,-7.787454456,110.367003
Green Host PT Samudra Parama Avi Rodha Hotel,Bintang,Bintang Tiga,96.0,Prawirotaman 2/629,-7.819997197,110.369066
Grha Somaya Hotel,Non Bintang,Melati,34.0,Jl. Mentri Supeno No. 28 BC,-7.815994969,110.378039
Griya Asrie Homestay,Non Bintang,Pondok Wisata,5.0,Prawirotaman MG 3 No.578,-7.817757812,110.3723618
Griya Jogja Hotel,Non Bintang,Melati,20.0,Jl. Pakuningratan No. 3,-7.767820321,110.3581632
Griya Kayon,Non Bintang,Akomodasi Lain,6.0,"Mojo 2, GK IV/415 Gendeng",-7.790183658,110.3877345
Griya Kebun Raya Guest House,Non Bintang,Akomodasi Lain,14.0,Kebun Raya No.45,-7.807793278,110.398127
Griya Nalendra Guest House,Non Bintang,Pondok Wisata,10.0,Kepuh GK3/1050,-7.782074624,110.385916
Griya Paku,Non Bintang,Akomodasi Lain,11.0,Pakuningratan No. 58,-7.780475373,110.3623305
Griya Patehan,Non Bintang,Akomodasi Lain,5.0,Patehan Lor No. 22 ,-7.811622038,110.3611696
Griya Putri Dewi Guest House,Non Bintang,Akomodasi Lain,11.0,SuriptoNo. 506 A,-7.822776412,110.3657348
Griya Sastrowardoyo Guest House,Non Bintang,Akomodasi Lain,7.0,Jl. AM Sangaji No. 60,-7.77541716,110.3681987
Griya Sentana Hotel,Non Bintang,Melati,18.0,Jl. Gowongan Lor No 65-67,-7.784986246,110.3634208
Griya Surya Wijilan,Non Bintang,Akomodasi Lain,3.0,Ibu Ruswo No. 25,-7.803153728,110.3669019
Griya Wijilan Syariah Home Stay,Non Bintang,Pondok Wisata,10.0,Jl. Wijilan PB 1 No. 21,-7.804608076,110.3660911
Griya Yunika,Non Bintang,Akomodasi Lain,10.0,Gatotkaca No. 10,-7.802893728,110.3501254
Griyo Inggil,Non Bintang,Akomodasi Lain,8.0,Sosrowijayan Wetan GT 1 No. 104,-7.789852338,110.3639445
H Boutique Hotel,Bintang,Bintang Tiga,90.0,Jl. Prof Herman Yohanes No. 1,-7.789884228,110.3638908
Handayani Homestay Yamtana,Non Bintang,Akomodasi Lain,15.0,Sosrowijayan Wetan GT 1/103,-7.790346019,110.3654163
Happy Buddha Hostel,Non Bintang,Akomodasi Lain,7.0,Prawirotaman No. 21,-7.818516496,110.3708134
Happy Family Hotel,Non Bintang,Melati,28.0,Jl. Jlagran No. 10,-7.790534749,110.3604646
Happy Penginapan ,Non Bintang,Melati,7.0,Sosrokusuman DN I/174 Suryatmajan,-7.790225692,110.3674271
Happynest BNB Hostel,Non Bintang,Vila,2.0,Gang Demarkasi Timuran No. 17B,-7.815330344,110.3691489
Harmony Inn Hotel,Non Bintang,Melati,25.0,Jl. Parangtritis Gg. Sartono MJ III/812,-7.819296655,110.3661327
Harper Mangkubumi Yogyakarta Hotel,Bintang,Bintang Empat,131.0,Jl. Mangkubumi No. 52,-7.784442296,110.3671764
Harum Noerika Hotel,Non Bintang,Melati,18.0,Jl. Sosrowijayan GT 1/78,-7.791166338,110.364615
Hasian Motel,Non Bintang,Melati,10.0,Jl. Perwakilan No. 26-27,-7.79243414,110.3671362
HD Inn Homestay,Non Bintang,Pondok Wisata,7.0,Jl. Mayor Suryotomo No. 575,-7.796916235,110.3695019
Hendarum Homestay,Non Bintang,Vila,1.0,Jetisharjo JT 2/374,-7.776865083,110.3689793
Heryon Hotel,Non Bintang,Melati,36.0,Jl. Menteri Supeno No. 28 D,-7.816191436,110.377696
Hidayah Wisma,Non Bintang,Melati,19.0,Jl. H Agus Salim No. 12,-7.804147276,110.3601262
Hinggil Family Homestay,Non Bintang,Akomodasi Lain,8.0,Tentara Rakyat Mataram No. 5,-7.786816647,110.3576517
Hom Platinum/Gowongan,Bintang,Bintang Tiga,112.0,Jl. Gowongan Kidul No. 57,-7.785903376,110.3665554
Home 24 Hotel,Non Bintang,Pondok Wisata,3.0,Jl. Suryatmajan 24,-7.796109401,110.3657233
Home Addicts Hostel,Non Bintang,Akomodasi Lain,14.0,Kapten Tendean Gang Nakula No.2,-7.805222535,110.3503715
Dhaup Utami Isti Astuti Homestay,Non Bintang,Pondok Wisata,8.0,Jl. Panembahan No. 9,-7.805867589,110.3673668
Manggo Tree Homestay,Non Bintang,Pondok Wisata,10.0,Pujokusuman MG I/447,-7.812764309,110.3707267
Ndalem Mantrigawen Thomas Aquinas Homestay,Non Bintang,Pondok Wisata,15.0,Jl. Mantrigawen Lor No. 15,-7.80854821,110.3682947
Omah Djokdja Zulkifli Homestay,Non Bintang,Pondok Wisata,5.0,Jl. Pakaryan No. 3,-7.807546448,110.367385
Wisma Oepomo Homestay,Non Bintang,Melati,7.0,Jl. Suryo Metaraman Wetan No. 18,-7.808435331,110.3684975
Bu Marto Homestay,Non Bintang,Pondok Wisata,4.0,Pajeksan GT I/ 524,-7.79375457,110.3650518
Candra 2 (HOC2) Lowanu Homestay,Non Bintang,Vila,4.0,Lowanu MG III/1323 A,-7.817472783,110.3697375
Chatarina Homestay,Non Bintang,Pondok Wisata,4.0,Sosrowijayan No. 41 ,-7.791042329,110.3631425
Comfy 2 Homestay,Non Bintang,Akomodasi Lain,10.0,Prof. Dr. Sarjito No. 14A,-7.750915866,110.3702848
Mamagayo Inn Homestay,Non Bintang,Pondok Wisata,9.0,Jl. Suryodiningratan No. 42A,-7.81729275,110.3583547
Pondok Puspita Homestay ,Non Bintang,Pondok Wisata,8.0,Jl. Gading No. 5A,-7.812717956,110.3631618
Siti Maryam Homestay,Non Bintang,Pondok Wisata,4.0,Jl. Suryoputran No. 35,-7.809353108,110.366334
Horison Ultima Riss Yogyakarta,Bintang,Bintang Empat,94.0,Jl. Gowongan Kidul No. 33-49,-7.787409637,110.3644008
Horison Urip Sumoharjo,Bintang,Bintang Tiga,108.0,Jl. Urip Sumoharjo 137,-7.782594034,110.3868879
Penak Malioboro Hostel,Non Bintang,Akomodasi Lain,16.0,Gemblakan Atas DN 1/325,-7.79219734,110.3678323
Al-Ashiri Inn Hotel,Non Bintang,Melati,61.0,DI. Panjaitan No.104,-7.821922356,110.3614307
Amarta Hotel,Non Bintang,Melati,27.0,Jl. Dagen No. 12,-7.799203125,110.3408811
Baru Hotel,Non Bintang,Melati,10.0,Jl. Gowongan Kidul No. 19,-7.787397537,110.365255
Dermaga Keluarga Hotel,Non Bintang,Melati,39.0,Jl. RE. Martadinata No. 69 Wirobrajan,-7.800742264,110.3493693
Kumbokarno Utama Hotel,Non Bintang,Melati,24.0,Jl. Mangkubumi No. 60,-7.783443805,110.3670672
Pramesthi Hotel,Non Bintang,Melati,33.0,Jl. Mangkuyudan No. 44,-7.821774269,110.3653791
Ratna Hotel,Non Bintang,Melati,15.0,Pasar Kembang No. 17A,-7.789728919,110.3649364
House 24,Non Bintang,Pondok Wisata,12.0,Jl. Jogokariyan 24,-7.824007231,110.3634318
House of Chandra,Non Bintang,Pondok Wisata,4.0,Tamansiswa Gang Warsokusumo Nyutran MG 2 No 1433,-7.80831386,110.375877
House of Moedjito Homestay,Non Bintang,Pondok Wisata,6.0,Jl. Tribrata I No. 3,-7.808282258,110.3758451
Hoz Bed And Breakfast,Non Bintang,Pondok Wisata,5.0,Gedongkiwo MJI/977 A,-7.808307539,110.3758451
Hutomo Hotel,Non Bintang,Melati,9.0,Jl. Gedong Kuning No. 110,-7.811759721,110.4018902
Ibis Hotel,Bintang,Bintang Tiga,85.0,Jl. Malioboro 52-58,-7.811717204,110.4018794
Ibis Styles,Bintang,Bintang Tiga,112.0,Jl. Dagen No. 109,-7.79360707,110.3615186
Ibu Hartono Homestay,Non Bintang,Pondok Wisata,7.0,Jl. Krasak Timur No. 28 B,-7.788631055,110.3774369
Imogen Homestay,Non Bintang,Akomodasi Lain,5.0,Pugeran Timur No. 6,-7.81424711,110.3590464
Indah Guest Hotel,Non Bintang,Melati,14.0,Jl. Jogonegaran No. 10,-7.822766668,110.3546331
Indah Palace Hotel,Bintang,Bintang Dua,26.0,Jl. Sisingamangaraja No. 74,-7.818287925,110.3729188
Indies Hotel,Bintang,Bintang Tiga,74.0,Prawirotaman III No. 3,-7.820460859,110.3694835
Indonesia Hotel,Non Bintang,Melati,28.0,Jl. Sosrowijayan No. 9,-7.79150165,110.3651846
Indrakila Hotel,Non Bintang,Melati,20.0,Jl. Tirtodipuran No. 30,-7.818360892,110.3650932
Indraloka Heritage Homestay,Non Bintang,Melati,16.0,Jl. Cik Ditiro No. 18,-7.779283472,110.37572
Indraprasta Homestay,Non Bintang,Pondok Wisata,10.0,Timuran MG 3/169,-7.787011116,110.3517301
Inna Garuda Hotel,Bintang,Bintang Empat,222.0,Jl. Malioboro No. 60,-7.790725269,110.3665871
"Ipienk House, PT",Non Bintang,Pondok Wisata,7.0,Bausasran DN 3 No. 719-720,-7.796444153,110.3747785
Iraa Hotel,Non Bintang,Melati,30.0,Jl. Bausasran No. 62,-7.797058913,110.3767616
Ismoyo Hotel,Non Bintang,Melati,19.0,Jl. Jlagran Lor No. 57/123,-7.789387587,110.3581984
Isty Losmen,Non Bintang,Akomodasi Lain,8.0,Sosrowijayan Wetan GT 1/165 Gang 2,-7.79076092,110.3638073
Jambuluwuk Malioboro Boutique Hotel,Bintang,Bintang Empat,144.0,Jl. Gajah Mada No. 67,-7.797361861,110.3721724
Java Hut Home Stay Gubug Jawa,Non Bintang,Pondok Wisata,4.0,Dipowinatan MG 1/23,-7.809963062,110.3690264
Java Villas Boutique Hotel,Bintang,Bintang Dua,17.0,Gerilya MG III/460 Prawirotaman,-7.819567946,110.3687727
Jave Gong Homestay,Non Bintang,Vila,6.0,Dipokusuman No. 185,-7.811963921,110.3713932
Jawa Losmen,Non Bintang,Melati,5.0,Sosrowijayan Wetan GT I/139,-7.790166009,110.3638311
Jentra Dagen Hotel,Bintang,Bintang Tiga,64.0,Jl. Dagen 86,-7.793603511,110.3621368
Jogja 761,Non Bintang,Akomodasi Lain,5.0,Demakan Baru No. 761,-7.79173082,110.3524719
Jogja Backpacker Home,Non Bintang,Pondok Wisata,7.0,Mas Suharto Jambu Gg. Ledok Tukangan 2 Tegalpanggung,-7.793177381,110.3694303
Jogja Classic Homestay,Non Bintang,Pondok Wisata,3.0,Jl. Kimangunsarkoro No. 29,-7.799753692,110.3798063
Jogja Graha Wisata Hotel,Non Bintang,Melati,40.0,Jl. Rejowinangun No. 1 ,-7.809979832,110.400548
Jogja Hotel,Non Bintang,Melati,8.0,Sosrowijayan Wetan GT 1/72,-7.788148988,110.3624774
Jogja Inn Hotel,Non Bintang,Melati,45.0,Jl. Veteran No. 175,-7.814284823,110.3899524
Joglo Witana Homestay,Non Bintang,Akomodasi Lain,12.0,Prapanca No. 54,-7.817010166,110.3519737
Jogokariyan Hotel,Non Bintang,Melati,16.0,Jl. Jogokariyan No. 64,-7.823508425,110.3657783
Kali Kala Home Stay,Non Bintang,Pondok Wisata,2.0,Suryodiningratan MJ 2/977,-7.820229804,110.3607152
Kalingga 2 Hotel,Non Bintang,Melati,15.0,Jl. Juminahan No. 50,-7.796708931,110.3710097
Kalingga I Hotel,Non Bintang,Melati,8.0,Jl. Juminahan No. 50,-7.796708931,110.3710097
Kalingga Sekar Inn Hotel,Non Bintang,Melati,10.0,Jl. Juminahan No. 50,-7.796708931,110.3710097
Kalya Hotel / Tune Hotel,Bintang,Bintang Dua,112.0,Jl. Gedong Kuning Selatan No. 118,-7.813348497,110.4014933
Kamajaya Wisma,Non Bintang,Melati,11.0,Karang Kajen MG 3 No. 829,-7.820098242,110.3722241
Kampung Djawa Guest House,Non Bintang,Melati,9.0,Prawirotaman I No. 40,-7.819281342,110.3725953
Kartika Darwiyoto Hotel,Non Bintang,Melati,8.0,Jl. Sosrowijayan 8,-7.79148075,110.3656278
Karunia Hotel,Non Bintang,Melati,19.0,Jl. Sosrowijayan No. 78,-7.791278169,110.3626489
Kayoman Homestay,Non Bintang,Akomodasi Lain,9.0,Perum Gambiran,-7.817273936,110.392272
Kayu Manis Hotel,Non Bintang,Melati,24.0,Jl. Gambiran No. 52,-7.819618829,110.3903812
Kedyla Home Stay,Non Bintang,Pondok Wisata,5.0,Patangpuluhan WB 3/15 B,-7.807645719,110.3487845
Kembar Homestay,Non Bintang,Akomodasi Lain,9.0,Sosrowijayan Wetan GT 1 No. 104,-7.789100556,110.365275
Khrisna Guest Host,Non Bintang,Melati,5.0,Jl. Pasar Kembang No. 29,-7.789821157,110.3641745
Ki Agung Prestise Hotel,Non Bintang,Melati,13.0,Jl. Prawirotaman II MG 3 No. 596 A,-7.819674729,110.3691231
Kili Suci Hotel,Non Bintang,Melati,8.0,Jl. Gambiran No. 55,-7.817161241,110.3910801
Kirana Hotel,Non Bintang,Melati,15.0,Jl. Prawirotaman No. 45,-7.819048246,110.372757
KJ Hotel,Bintang,Bintang Empat,123.0,Jl. Parangtritis No. 120,-7.822262001,110.3673348
Kombokarno Hotel,Non Bintang,Melati,40.0,Jl. Dagen No. 39,-7.793429722,110.3635308
Kota Hotel,Non Bintang,Melati,21.0,Jl. Jlagran Lor No. 19,-7.789448478,110.3616064
Kotagede Heritage Homestay,Non Bintang,Pondok Wisata,8.0,Jl. Tegal Gendu 20,-7.82608263,110.3920037
Kristina Hotel,Non Bintang,Melati,31.0,Jl. Dagen 71A Sosromenduran Gedong Tengen,-7.7936302,110.3626678
Kroto Wisma,Non Bintang,Melati,15.0,Jl. Prawirotaman 2 MG 3 No. 612,-7.819825817,110.3707736
Kunthi Hotel,Non Bintang,Melati,16.0,Jl. Dagen No. 81,-7.793589181,110.3623555
La Javanaise Homestay,Non Bintang,Akomodasi Lain,8.0,Sosrowijayan Wetan GT 1/168,-7.791143799,110.3639235
Laksmita Homestay,Non Bintang,Pondok Wisata,3.0,Jl. Bantul 60 B,-7.817689899,110.3556356
Laras Hati Hotel,Non Bintang,Melati,10.0,Sosrokusuman DN I/182,-7.79336751,110.3672328
Larasati Harsono Penginapan,Non Bintang,Pondok Wisata,12.0,Jl. Mangkuyudan No. 64,-7.82186613,110.3669611
Larrisa Losmen Sukir,Non Bintang,Pondok Wisata,3.0,Sosrowijayan GT 1/106,-7.788179974,110.3630336
Lasmanos Hostel,Non Bintang,Akomodasi Lain,7.0,Tirtodipuran Gang Lesmana No. 99,-7.817555779,110.3658559
Latifah Home Stay,Non Bintang,Pondok Wisata,1.0,Dipoyudan NG I No. 567 Ngampilan,-7.796227412,110.3588949
Lauras Backpacker,Non Bintang,Melati,3.0,Tukangan DN 2/523 Gang Hansip Karno Waluyo,-7.790705868,110.3711172
Laxston Hotel,Bintang,Bintang Dua,42.0,Jl. Magelang No. 31,-7.779991073,110.360646
Le Krasak Boutique Hotel,Non Bintang,Melati,24.0,Jl. Kasak No. 9 Kotabaru,-7.788547597,110.3727241
Lestari Penginapan,Non Bintang,Pondok Wisata,6.0,Sosrowijayan Kulon GT I/171,-7.79135479,110.3637098
Lia Homestay,Non Bintang,Pondok Wisata,5.0,Danunegaran MJ III/1075,-7.816801882,110.3656889
Lilik Hotel,Bintang,Bintang Satu,40.0,Jl. Dagen No. 16,-7.793572529,110.3643735
Limaran 2 Hotel,Non Bintang,Melati,3.0,Sagan GK V/804,-7.779010862,110.3771905
Limaran Hotel,Non Bintang,Melati,23.0,Jl. Suryotomo No. 1,-7.801136374,110.3688391
Lina Guest House,Non Bintang,Melati,15.0,Dagen No. 507,-7.793975841,110.364765
Lintring Coffee and Homestay,Non Bintang,Pondok Wisata,6.0,Prof Dr. Soepomo No. 30,-7.804928294,110.3902766
Loka Wisata Hotel,Non Bintang,Melati,19.0,Jl. Nyi Retno Dumilah No. 38,-7.814747752,110.3982917
Lolita Hadi Losmen,Non Bintang,Melati,3.0,Sosrowijayan Wetan GT 1/59,-7.788212767,110.3624774
Londres Bed & Breakfast,Non Bintang,Akomodasi Lain,10.0,Babaran No. 71,-7.81154558,110.3880611
Losmen 2000 Tiga Harum I ,Non Bintang,Melati,100.0,Jl. Sosrokusuman DN I No. 174,-7.7940144,110.3669639
Losmen Dimas,Non Bintang,Akomodasi Lain,15.0,Sosrowijayan Wetan GT I/138,-7.791196755,110.3651374
Losmen Fadel,Non Bintang,Akomodasi Lain,12.0,Sosrowijayan GT I/135,-7.791052658,110.3639466
Losmen Famili ,Non Bintang,Melati,25.0,Dagen No. 14,-7.793476234,110.364526
Lotus Losmen,Non Bintang,Melati,8.0,Sosrowijayan Wetan GT I/167,-7.790896149,110.3639069
Lucy 1 Losmen,Non Bintang,Akomodasi Lain,7.0,Sosrowijayan Wetan 81,-7.79048159,110.3652818
Lucy 2 Losmen,Non Bintang,Melati,7.0,Sosrowijayan Wetan GT 1/87,-7.79096511,110.3652914
Lumayan Penginapan,Non Bintang,Akomodasi Lain,4.0,Sosrowijayan Kulon GT I/172,-7.79101992,110.3632831
Lynn Hotel By Horison Yogyakarta,Bintang,Bintang Tiga,112.0,Jl. Jogokariyan No. 82,-7.824252313,110.3668958
Madani Syariah Hotel,Non Bintang,Melati,18.0,Jl. Cantel Baru II No 1A,-7.79528056,110.3876575
Madukoro Hotel,Non Bintang,Melati,30.0,Jl. Taman Siswa No. 117,-7.812122563,110.3768946
Madumurti 33,Non Bintang,Akomodasi Lain,6.0,Madumurti No. 33,-7.81150108,110.3470556
Maerakaca Hotel,Non Bintang,Melati,22.0,Jl. RW. Monginsidi No. 22,-7.778181902,110.3633715
Maharani Guest House,Non Bintang,Melati,8.0,Gg. Sartono MJ 3 No. 811,-7.815308782,110.365655
Makuta Guest House,Non Bintang,Melati,18.0,Prawirataman 2 No. 839,-7.820185217,110.3708663
Malioboro Garden Hotel,Non Bintang,Melati,32.0,Sosrokusuman DN I/163,-7.79400103,110.3667741
Malioboro Home Stay,Non Bintang,Pondok Wisata,7.0,Sosromenduran GT I/310 A,-7.792661671,110.3655725
Malioboro Inn Hotel,Bintang,Bintang Satu,52.0,Jl. Sosrowijayan No. 23-25,-7.791754238,110.3642482
Malioboro Palace Hotel,Non Bintang,Melati,51.0,Jl. Sosrowijayan No. 3-5,-7.791810535,110.3654027
Manthili Hotel,Non Bintang,Melati,20.0,Jl. Sorosutan 6A,-7.81675387,110.3778928
Manunggal Penginapan,Non Bintang,Melati,10.0,Jl. Nitikan Baru No 2,-7.816731278,110.3832141
Maranatha hotel,Non Bintang,Melati,29.0,Jl. Dagen No 76,-7.79320491,110.3617438
Martha Wisma,Non Bintang,Melati,25.0,Jl. Rejowinangun No. 15A,-7.81018862,110.4007818
Mas Gun Guet House,Non Bintang,Pondok Wisata,9.0,Jl. Prawirotaman No 36,-7.818882313,110.3712623
Masjid Jogokariyan Penginapan,Non Bintang,Akomodasi Lain,11.0,Jl. Jogokariyan No. 36,-7.824085544,110.3644816
Masrilinks 2 Wisma,Non Bintang,Akomodasi Lain,10.0,Suryodiningratan MJ II/915,-7.817371706,110.3592632
Matahari Hotel,Bintang,Bintang Dua,70.0,Jl. Parangtritis No. 123,-7.821739437,110.3681855
Mataram hotel,Non Bintang,Melati,19.0,Jl. Pasar Kembang No. 61A,-7.789957036,110.3627432
Mataram II Hotel,Non Bintang,Melati,19.0,Jl. Kemetiran Lor No. 13,-7.79133925,110.3605061
Maturnuwun Homestay,Non Bintang,Akomodasi Lain,4.0,Sartono No. 828,-7.819565687,110.3664244
Mawar Asri Hotel,Non Bintang,Melati,41.0,Jl. H. Agus Salim No. 40,-7.804028564,110.3588186
Mawar Herlina Losmen,Non Bintang,Akomodasi Lain,8.0,Sosrowijayan Wetan GT 1/136,-7.790369628,110.3640688
Mawar Saron Hotel,Non Bintang,Melati,17.0,Kepuh GK III/1055,-7.781396678,110.3858348
Melati Wisma,Non Bintang,Melati,24.0,Jl. Pakel Baru No. 34 A,-7.816196511,110.3808496
Melia Purosani Hotel,Bintang,Bintang Lima,280.0,Jl. Suryotomo No. 31,-7.797082042,110.3691284
Mentari Homestay,Non Bintang,Akomodasi Lain,4.0,Sosrowijayan Wetan GT II/67 RT 08/RW 02,-7.787949631,110.3634628
Merapi Hotel,Non Bintang,Melati,14.0,Sosrowijayan Wetan GTI/155,-7.787776672,110.3619178
Merbabu Hotel,Non Bintang,Melati,19.0,Sosrowijayan GT 1/32,-7.788113948,110.3636343
Mercury Green Guest House,Non Bintang,Akomodasi Lain,13.0,Jl. Gerilya MG 3/595,-7.819531555,110.369042
Metro Guest House,Non Bintang,Melati,47.0,Prawirotaman No 606,-7.819740784,110.3707307
Metro Malioboro Hiving,Non Bintang,Akomodasi Lain,28.0,Ronodigdayan 16,-7.79346724,110.3741206
Minto Penginapan,Non Bintang,Akomodasi Lain,3.0,Sosrowijayan Kulon GT I/228,-7.791418569,110.3637419
Mitra Hotel,Non Bintang,Melati,27.0,Jl. KH. A. Dahlan No. 9,-7.801286404,110.3638184
Mitu 1 Homestay 610,Non Bintang,Vila,3.0,Pageran Timur 610,-7.816803541,110.3591093
Mitu 2 Homestay 609,Non Bintang,Vila,3.0,Pugeran Timur No. 609,-7.816803541,110.3591093
Monginsidi Guest House,Non Bintang,Pondok Wisata,8.0,Jl. Monginsidi No. 7 Jetis,-7.777861592,110.3659666
Monica Hotel,Non Bintang,Melati,20.0,Jl. Sosrowijayan Wetan GT I/192,-7.790210721,110.3632872
Mulia Kencana Hotel,Non Bintang,Melati,17.0,Jl. Pasar Kembang No. 15,-7.789942498,110.3651111
Mulia Widiastuti Wisma,Non Bintang,Melati,9.0,Matrijeron MJ3/810,-7.770495483,110.3778734
Muria Hotel,Non Bintang,Melati,15.0,Jl. Prawirotaman 2 No. 600,-7.820018455,110.3690338
Musafira Hotel,Non Bintang,Melati,35.0,Jl. Surokarsan No. 15,-7.803971299,110.3770172
Museum Batik Hotel,Non Bintang,Melati,20.0,Jl. Dr. Sutomo No. 13,-7.795484298,110.3772539
Mutiara Hotel,Bintang,Bintang Tiga,119.0,Jl. Malioboro No. 18,-7.794205181,110.3658859
Nagari Hotel,Bintang,Bintang Tiga,46.0,Jl. Letjend Suprapto,-7.798458513,110.356326
Nanda Ananda R P Wisma,Non Bintang,Melati,18.0,Ngadinegaran MJ3/72,-7.815881623,110.3639916
Nap Inap Homestay,Non Bintang,Pondok Wisata,4.0,Timuran No. 84,-7.817494041,110.3696624
Nayotama Homestay,Non Bintang,Akomodasi Lain,7.0,Pandeyan No. 7 Kalangan Umulharjo,-7.812843151,110.3867322
Ndalem Eyang Dwijo,Non Bintang,Pondok Wisata,10.0,Cantel GK IV/341,-7.792232169,110.388048
Ndalem Eyang Homestay,Non Bintang,Melati,20.0,Kemetiran Kidul GT 2/813,-7.79304621,110.3590207
Ndalem Ibu,Non Bintang,Akomodasi Lain,5.0,Kelurahan No. 216 RT 55/RW 02,-7.770744041,110.3639128
Ndalem Kemetiran,Non Bintang,Pondok Wisata,5.0,Kemetiran GT 2/671 RT 02/RW 14,-7.792203536,110.3608651
Ndalem Kotabaru Guest House,Non Bintang,Akomodasi Lain,14.0,Jl. Yos Sudarso No 29,-7.788199527,110.3731617
Ndalem Maharani Guest House,Non Bintang,Pondok Wisata,10.0,Jl. Sawojajar No 6,-7.805479138,110.36729
Ndalem Mantrijeron Hotel,Non Bintang,Melati,15.0,Jl. Sartono MJ III/815,-7.819683382,110.3671664
Ndalem MJ Homestay,Non Bintang,Akomodasi Lain,10.0,Surami MJ III/853,-7.820293363,110.3658498
Ndalem Ngabean,Non Bintang,Akomodasi Lain,9.0,Ngadisuryan No 6 Panembahan,-7.809874999,110.3623374
Ndalem Ngadiwinatan Homestay,Non Bintang,Pondok Wisata,4.0,Ngadiwinatan NG 1/1289,-7.799873101,110.3607145
Ndalem Panembahan 12 Guest House,Non Bintang,Pondok Wisata,6.0,Mangunnegaran Kidul No 12 Panembahan,-7.80613055,110.3679062
Ndalem Pathuk Homestay Udi,Non Bintang,Pondok Wisata,3.0,Patuk Dipoyudan NG 1/551,-7.795741643,110.3592713
Ndalem Soeratin Guest House,Non Bintang,Akomodasi Lain,10.0,A.M. Sangaji No 68,-7.774606181,110.3683096
Ndalem Suwondo Homestay,Non Bintang,Vila,5.0,Cokrodingratan JT II/100 RT 11/RW 03,-7.780306874,110.3665209
Ndalem Timoho Homestay/Omah Timoho Homestay,Non Bintang,Pondok Wisata,7.0,"Jl. Kusuma, Gendeng GK 4/904",-7.79289732,110.3914726
Nendra Wisma,Non Bintang,Melati,15.0,Jl. Dagen No. 50,-7.793446301,110.3633484
Neneng Penginapan,Non Bintang,Akomodasi Lain,8.0,Sosrowijayan Kulon GT I/216,-7.791209857,110.3632554
Neo Awana Hotel,Bintang,Bintang Tiga,296.0,Jl. Mayjend Sutoyo 52,-7.815159014,110.3655019
Neo Malioboro Hotel,Bintang,Bintang Tiga,154.0,Jl. Pasar Kembang No 21,-7.789820259,110.3646296
New Emilia Malioboro,Non Bintang,Melati,33.0,Dagen GT I/442 RT 23/RW 05,-7.793078231,110.362407
New Saphir Hotel Yogyakarta,Bintang,Bintang Empat,,Jl. Laksda Adi Sucipto No. 38 RT 013/RW 04,-7.783273305,110.391496
Nextdoor Homestay,Non Bintang,Pondok Wisata,10.0,Timuran No 140,-7.816853957,110.3691261
Ngampilan Backpacker,Non Bintang,Pondok Wisata,6.0,Jl. Letjend Suprapto NG1/220 RT 10/RW 02,-7.799467205,110.3558314
Nidia Hotel,Non Bintang,Melati,12.0,Jl. Mangkuyudan No. 59,-7.821708121,110.3670872
Nirwana Hotel,Non Bintang,Melati,19.0,Jl. Taman Siswa No. 9,-7.802646807,110.3787838
Novatel Hotel,Non Bintang,Melati,20.0,Jl. KH Wachid Hasyim No 61,-7.804996126,110.3563729
Novi/Suwarno Penginapan,Non Bintang,Akomodasi Lain,4.0,Sosrowijayan Kulon GT I/212,-7.7910823,110.3632876
Novotel Hotel,Bintang,Bintang Empat,202.0,Jl. Jendral Sudirman No. 89,-7.782464105,110.3776149
Novotel Suite,Bintang,Bintang Empat,147.0,Jl. Malioboro No. 52 - 58,-7.792705222,110.3661711
Nueve Jogja Hotel,Bintang,Bintang Dua,61.0,Jl. Mataram No. 9,-7.79574801,110.3689439
Nugraha Hotel,Non Bintang,Melati,22.0,Jl. Ki Ageng Pemanah no. 9 Wirosaban,-7.825544265,110.3790793
Nugraha Wisma,Non Bintang,Melati,40.0,Mantrijeron MJ 3/813,-7.8192373,110.3531888
Nuri Losmen,Non Bintang,Melati,12.0,Sosrowijayan Wetan GT 1 No. 77,-7.791308902,110.3645136
Nusantara Hotel,Non Bintang,Melati,21.0,Jl. Pasar Kembang No. 59,-7.789855629,110.3629432
Nusantara Wisma,Non Bintang,Melati,14.0,Jl. Bugisan No. 48,-7.810487134,110.3499007
Oase Hotel,Non Bintang,Akomodasi Lain,12.0,Timuran No. 146,-7.817273503,110.3692922
Oke Baik Hotel,Non Bintang,Akomodasi Lain,10.0,Prawirotaman MG III/566,-7.8182462,110.3720156
Olympic Hotel,Non Bintang,Melati,93.0,Jl. Sisingamangaraja No. 21B,-7.82170246,110.3734517
Omah Bagyo Homestay/Eastation,Non Bintang,Pondok Wisata,2.0,Juminahan DN 2 1005,-7.794536927,110.3705405
Omah Bumi Homestay,Non Bintang,Pondok Wisata,5.0,Golo No. 10,-7.81288425,110.3812221
Omah Cilik Homestay,Non Bintang,Pondok Wisata,3.0,Purwokinanti PA 1/350 RT 027/RW005,-7.799302697,110.3739045
Omah Eling Penginapan,Non Bintang,Akomodasi Lain,14.0,Suryowijayan No. 22,-7.811289558,110.3557955
Omah Gedong Kuning Syariah Homestay,Non Bintang,Akomodasi Lain,9.0,Kusumanegara GG Ganesha KG 1/27,-7.801610483,110.3849186
Omah Konco Homestay,Non Bintang,Akomodasi Lain,4.0,Magangan Kulon No. 2,-7.807178919,110.3629512
Omah Kulon,Non Bintang,Akomodasi Lain,6.0,Poncowolo No. 24,-7.80578792,110.3459739
Omah Lawas Homestay,Non Bintang,Melati,5.0,Prawirotaman MG III/649,-7.820628934,110.368309
Omah Lawas Supriyanto,Non Bintang,Melati,3.0,Sosrowijayan Wetan GT 1/85A,-7.791003981,110.3633099
Omah Mburi Penginapan,Non Bintang,Melati,7.0,Tukangan Gang Hansip Karno Waloyo Tegalpanggung DN 2/673,-7.790964679,110.3719427
Omah Ndelik Sayidan,Non Bintang,Pondok Wisata,3.0,Gondomanan II/190 RT18/RW06,-7.802659536,110.3706566
Omah Pari Hotel,Non Bintang,Melati,17.0,Jl. Nakulo No. 34,-7.804853626,110.347791
Omah Putih Homestay,Non Bintang,Pondok Wisata,3.0,Jogokaryan No. 68,-7.824077149,110.3658773
Omah Qu Guest House,Non Bintang,Melati,8.0,Jl. Bausasran No. 34,-7.796918833,110.3748909
Omah Ratu Homestay,Non Bintang,Akomodasi Lain,90.0,Sukanandi No. 19,-7.797970922,110.3816386
Omah Semar Homestay,Non Bintang,Pondok Wisata,14.0,Jl. Argolobang no. 22 RT 27/RW 07 ,-7.789593954,110.3803496
Omah Sorsawo homestay,Non Bintang,Akomodasi Lain,10.0,Joyonegaran MG II/893,-7.806843468,110.3783967
Omah uti,Non Bintang,Pondok Wisata,3.0,Sayidan GM II No. 54 RT18/RW06,-7.801069758,110.3712069
Omahe Bagus Homestay,Non Bintang,Pondok Wisata,7.0,Jagalan Ledok Sari PA I No 41,-7.797730893,110.3704042
Orlen Hotel,Bintang,Bintang Satu,33.0,Jl. C Simnajuntak No. 2,-7.780580833,110.3733452
Oryza Hotel,Non Bintang,Melati,15.0,Jl. Sosrowijayan No. 49 - 51,-7.791512889,110.3627182
Otu Hostel,Non Bintang,Akomodasi Lain,5.0,Prawirotaman 1 Gang Gringsing No 517,-7.818024561,110.3703629
Pakuncen Malioboro Guesthouse Syariah,Non Bintang,Akomodasi Lain,16.0,Hos Cokroaminoto No. 44,-7.793413009,110.3528706
Pakuning Hotel,Non Bintang,Melati,19.0,Jl. Pakuningratan No 01,-7.780824384,110.3668115
Palem Kipas Homestay,Non Bintang,Pondok Wisata,3.0,Gang Kenanga MJ 3/59 Ngadinegaran,-7.815740056,110.3651107
Pamularsih Homestay,Non Bintang,Pondok Wisata,6.0,Jl. Pamularsih No. 5,-7.80864474,110.3486918
Pan Family Hotel,Non Bintang,Melati,5.0,Jl. Tamansiswa No. 150 F,-7.812842813,110.3755245
Panca Dewi Guest House,Non Bintang,Akomodasi Lain,7.0,Mas Suharto No. 36,-7.793341701,110.3714649
Pandanaran Hotel,Bintang,Bintang Tiga,118.0,Jl. Prawirotaman No. 38,-7.819323507,110.3723881
Panorama Hotel,Non Bintang,Melati,17.0,Jl. Sultan Agung No. 95,-7.801403383,110.3783916
Pantes hotel,Non Bintang,Melati,19.0,Sosrokusuman DN 1/142,-7.794304169,110.3659485
Paramita Hotel,Non Bintang,Melati,18.0,Kepuh GK III/936 RT49/RW 13,-7.780736043,110.3866993
Parikesit Guesthouse,Non Bintang,Melati,14.0,Jl. Prawirotaman No. 32,-7.819125362,110.3717144
Pasha Homestay,Non Bintang,Akomodasi Lain,2.0,Pasar Kembang No. 29 RT 13/RW 02,-7.789741439,110.3642443
Pawon Coklat Guesthouse,Non Bintang,Melati,10.0,Sosrowijayan Wetan GT 1 no. 102,-7.790360678,110.3654016
Pego Homestay Agus,Non Bintang,Pondok Wisata,5.0,Sosrowijayan Wetan GT 1/75,-7.791230811,110.3641896
Pelangi Hotel,Non Bintang,Melati,28.0,Jl. Wakhid Hasyim No. 99,-7.80661199,110.3562257
Pendopo Andari,Non Bintang,Pondok Wisata,6.0,Yudonegaran GM II No. 232,-7.802731889,110.3682059
D'santoso Penginapan,Non Bintang,Pondok Wisata,5.0,Mataram GG Erwinasis DN 1/ No 267,-7.795372273,110.3693394
Mawar Putih Penginapan ,Non Bintang,Akomodasi Lain,3.0,Pajeksan GT I/33 RT 32/RW 08,-7.793451093,110.3646137
Prima Penginapan,Non Bintang,Pondok Wisata,10.0,Pringgokusuman GT 2/587 RT 31/RW 08,-7.792261741,110.3587944
Wijilan Go Syariah Penginapan,Non Bintang,Pondok Wisata,6.0,Panembahan No. 60,-7.804600385,110.3662501
Perdana Hotel M Hidayat Wisma,Non Bintang,Melati,20.0,Jl. Jagran Lor No. 19,-7.789594467,110.3610686
Permata Hotel,Non Bintang,Melati,16.0,Jl. Dagen No. 64,-7.79122379,110.3623794
Perwitasari Hotel,Non Bintang,Melati,22.0,Prawirotaman No. 31,-7.819001391,110.3715077
Pesona Artha homestay,Non Bintang,Pondok Wisata,1.0,Jl. Jlagran No. 7,-7.790558278,110.3602899
Pesona tugu hotel,Bintang,Bintang Tiga,133.0,Jl. P. Diponegoro No. 99 bumijo,-7.782931635,110.3631139
Pesona Malioboro Hotel,Bintang,Bintang Tiga,141.0,Jl. Gadean No. 3,-7.797719233,110.363484
Peti Mas Hotel,Non Bintang,Melati,45.0,Jl. Dagen No. 27,-7.793948791,110.3638406
Pi Home Mantrijeron,Non Bintang,Akomodasi Lain,10.0,Ngadinegaran MJ III No. 144,-7.81690169,110.3637276
Planteres Guest House,Non Bintang,Pondok Wisata,19.0,Jl. Urip Sumoharjo No. 100 RT 59/RW 15,-7.783163385,110.3858962
Pojok Pas Guest House,Non Bintang,Akomodasi Lain,4.0,Prawirotaman M6 III/514 C,-7.817809661,110.3700424
Poncowinatan Hotel,Non Bintang,Melati,32.0,Jl. Poncowinatan No. 3,-7.782202865,110.3664719
Pondok 71,Non Bintang,Akomodasi Lain,15.0,Pugeran MJ 11 No 271,-7.813620113,110.3571611
Pondok Cokroaminoto,Non Bintang,Akomodasi Lain,14.0,HOS Cokroaminoto 209 RT 47/RW 04,-7.782123522,110.3521534
Pondok ijo,Non Bintang,Akomodasi Lain,6.0,Ngadinegaran MJ III/93 RT 11/ RW 03,-7.816763632,110.3647286
Pondok Yasmine Heritage Homestay Sumiyono,Non Bintang,Pondok Wisata,5.0,Jl. Lobaningratan,-7.801376012,110.3712547
Pondok Keluarga Mugi Remen,Non Bintang,Akomodasi Lain,7.0,Minggiran Bru MJ II/942 RT 48/RW 14,-7.820348646,110.360484
Pondok Moalim Malioboro,Non Bintang,Akomodasi Lain,16.0,GG Sosrokusuman DN I/177,-7.793651891,110.3671144
Pondok Monggolo,Non Bintang,Akomodasi Lain,4.0,Sudagaran TR III/820 RT 42/RW 12,-7.793061979,110.3580714
Pondok Parador Homestay,Non Bintang,Akomodasi Lain,6.0,Panjaitan No. 51,-7.8186078,110.3620833
Pondok Rejeki,Non Bintang,Akomodasi Lain,5.0,Sosrowijayan No. 48 RT 15/RW 03,-7.785936736,110.3612408
Pondok Safa Homestay,Non Bintang,Akomodasi Lain,2.0,Sosrowijayan Wetan GT 1/104,-7.791078389,110.3632455
Pondok Samodra,Non Bintang,Akomodasi Lain,10.0,Pajeksan GT I/612 RT 36/RW 09,-7.794505343,110.3642264
Pondok Sare,Non Bintang,Akomodasi Lain,8.0,Jl. Panjaitan GG NGadinegaran MJ III/151,-7.815725944,110.3633014
Pondok Terra Vila,Non Bintang,Pondok Wisata,4.0,Ngadinegaran Gang Melati 103 B,-7.816881544,110.3655477
Pondok Tuman Homestay,Non Bintang,Akomodasi Lain,20.0,Hos Cokroaminoto No. 11A,-7.800421058,110.3518067
Pondokan Mataram,Non Bintang,Akomodasi Lain,17.0,Mataram No. 41,-7.794340631,110.3683916
Pop Malioboro Hotel,Bintang,Bintang Dua,103.0,Jl. Gandekan Lor No. 92,-7.790540919,110.3619955
Pop Sangaji Hotel,Bintang,Bintang Dua,150.0,Jl. AM Sangaji No. 16 - 18,-7.781146934,110.3676449
Pop Timoho Hotel,Bintang,Bintang Dua,126.0,Jl. IPDA Tut Harsono No. 11 Mujamuju,-7.798325086,110.3913918
Pose In Hotel,Non Bintang,Melati,24.0,Jl. May Jend Sutoyo no. 62,-7.81451706,110.3663026
Prambanan Guest House,Non Bintang,Pondok Wisata,14.0,Jl. Prawirotaman No. 14,-7.818407514,110.3698625
Prambanan Guest House,Non Bintang,Melati,9.0,Sosrokusuman DN 1/111,-7.793703791,110.3668868
Prayogo 3 Hotel,Non Bintang,Melati,18.0,Jl. Prawirotaman No. 34,-7.819137758,110.3719801
prayogo Baru Hotel,Non Bintang,Melati,30.0,Jl. Prawirotaman 2 MG III No. 611,-7.819109788,110.3716804
Prayogo Lama Hotel,Non Bintang,Melati,30.0,Prawirotaman 1 No. 34,-7.819174042,110.3721368
Prima In Hotel,Bintang,Bintang Tiga,77.0,Jl. Gandekan Lor No. 47,-7.790795451,110.3616368
Prime Cailendra Hotel,Non Bintang,Melati,28.0,Jl. Taman Siswa No. 91,-7.810265358,110.3772219
Pringgo Hotel,Non Bintang,Melati,9.0,Jl. Pringgokusuman No. 4 Gedongtengen,-7.79111404,110.3600961
PT Ganesha Dwipaya Bhakti hotel Tasneem,Bintang,Bintang Tiga,62.0,Jl. Bringjen Katamso Ireda,-7.80850564,110.3711673
Pujiati Penginapan ,Non Bintang,Melati,4.0,Jl. Sosrowijayan Kulon GT I/227,-7.790780478,110.3651165
Pules Hotal,Non Bintang,Melati,16.0,Jl. Mataram No. 88,-7.791476849,110.3676662
Pulung Agung hotel,Non Bintang,Melati,16.0,Jl. Parangtritis 69 Sartono MT III/821,-7.819497517,110.3676235
Punto Dewo Hotel,Non Bintang,Melati,17.0,Jl. Dagen No. 46,-7.793262142,110.3632405
Puri Ageng Hotel,Non Bintang,Melati,18.0,Jl. Ireda no. 141,-7.812460437,110.3718928
Puri Ganesha Hotel,Non Bintang,Melati,40.0,Jl. Mangkuyudan No. 51 Matrijeron,-7.821433779,110.3662821
Puri Hotel,Non Bintang,Melati,14.0,Jl. Sosrokusuman DN I/178,-7.793665872,110.3670487
Puri Minggiran Guesthouse,Non Bintang,Akomodasi Lain,7.0,Minggiran Baru No. 962,-7.820713418,110.3597875
Puri Pangeran Hotel,Non Bintang,Melati,41.0,Jl. Masjid No. 7 Pakualaman,-7.800563142,110.3746208
Puri Pertiwi,Non Bintang,Melati,12.0,Jl. Prawirotaman MG III/171,-7.818334149,110.36911
Puri Phunix Homestay,Non Bintang,Pondok Wisata,4.0,Jl. Bayangkara NG-1 Gang Buntu Ngampilan,-7.799126427,110.3616971
Puri Tumenggung Hotel,Non Bintang,Melati,29.0,Jl. Masjid No. 7 Pakualaman,-7.800204276,110.374948
Purwokinanti Homestay Bambang,Non Bintang,Pondok Wisata,2.0,Purwokinanti PA 1/169,-7.799323957,110.3739689
Pusaka Hotel,Non Bintang,Melati,11.0,Jl. Ketandan Wetan No. 43,-7.794318367,110.3683114
Puspa Jaya Homestay,Non Bintang,Pondok Wisata,4.0,Gedongkiwo MJ I/790 RT 43/RW 09,-7.813875913,110.3529846
Puspita hotel,Non Bintang,Melati,19.0,Jl. mayjen Sutoyo No. 64,-7.814611431,110.3666
Puspo Nugroho Hotel,Non Bintang,Melati,30.0,Sosrokusuman DN I/187,-7.79409702,110.3676449
Putra Jaya Guesthouse,Non Bintang,Pondok Wisata,4.0,Gedongkiwo MJ I/790 RT 43/RW 09,-7.815396231,110.3553574
Putra Sabar Hotel,Non Bintang,Melati,42.0,Jl. Jlagran No. 23,-7.799207171,110.3708207
Pyreness Hotel,Bintang,Bintang Dua,28.0,Jl. Sosrowijayan No. 1,-7.791622711,110.3656056
R. Kumala Penginapan,Non Bintang,Pondok Wisata,10.0,Jl. Mangkuyudan No. 65,-7.821784021,110.3667201
Raditya Wisma Eddy Sulistyono,Non Bintang,Melati,27.0,Jl. Surosutan 2A,-7.816510257,110.378137
Raintree Boutique Villa & Gallery,Non Bintang,Akomodasi Lain,6.0,Melati Weran No. 42 RT 054/RW 014,-7.793006631,110.3662673
Rajadani Ackni Hotel,Non Bintang,Melati,22.0,Jl. Jagalan No. 6,-7.800781776,110.3716336
Rama Hotel,Non Bintang,Melati,19.0,Jl. Sosrowijayan No. 16,-7.789700635,110.3647347
Ramli Homestay,Non Bintang,Akomodasi Lain,5.0,Puri Dukuh Asri A4-6,-7.823153735,110.352953
Red Palm Losmen,Non Bintang,Melati,7.0,Sosrowijayan Wetan GT 1 No. 62,-7.79056404,110.3640755
Rejeki Homestay,Non Bintang,Pondok Wisata,6.0,Sosrowijayan Wetan GT I/70,-7.79065171,110.3650677
Rejeki Homestay 2,Non Bintang,Akomodasi Lain,8.0,Sosrowijayan Wetan GT I/98 RT 07/RW 02,-7.7908363,110.3649926
Renaya Griya Guesthouse,Non Bintang,Akomodasi Lain,3.0,Pakel Baru Selatan No. 13 C Gang Belimbing Dagaran,-7.821251218,110.3797208
Rene Hotel,Non Bintang,Melati,16.0,Jl. P Mangkubumi 57/59,-7.785863397,110.3664528
respati Kasih Hotel,Non Bintang,Melati,27.0,Jl. Surokarsan No. 17,-7.804029625,110.377295
Restu Hotel,Non Bintang,Melati,30.0,Jl. Batikan No. 7,-7.81567999,110.3831277
Retno Mudo Losmen,Non Bintang,Melati,45.0,Jl. Veteran No. 200,-7.815746602,110.386131
Ridho Mas Hotel,Non Bintang,Melati,12.0,Sosrowijayan Wetan GT 1/86 RT 07/RW 02,-7.79103587,110.3633635
Riyadi Penginapan,Non Bintang,Akomodasi Lain,3.0,Sosrowijayan Kulon GT I/217,-7.791633341,110.3655842
Roemah Canting Homestay,Non Bintang,Pondok Wisata,11.0,Jl. Cantel No. 12 Mujamuju Umbulharjo,-7.793855201,110.3880839
