id,nama,kategori,kabupaten,district,lat,lon,rating,address
198,Candi Prambanan,Wisata Alam,Sleman,"Prambanan, Sleman",-7.751918,110.492004,3.7,"Jl. Raya Solo - Yogyakarta No.16, Kranggan, Bokoharjo, Kec. Prambanan, Kabupaten Sleman, Daerah Istimewa Yogyakarta 55571"
199,Candi Sambisari,Wisata Alam,Sleman,"Kalasan, Sleman",-7.762568,110.446916,2.8,"Jalan Candi Sambisari, Purwomartani, Kalasan, Sambisari, Purwomartani, Kec. Kalasan, Kabupaten Sleman, Daerah Istimewa Yogyakarta 55571"
200,Candi Plaosan,Wisata Alam,Sleman,"Prambanan, Sleman",-7.740433,110.504546,4.6,"Jl. Candi Plaosan, Plaosan Lor, Bugisan, Kec. Prambanan, Kabupaten Klaten, Jawa Tengah 57454"
210,Istana Ratu Boko,Wisata Alam,Sleman,"Prambanan, Sleman",-7.770543,110.489415,5.0,"Jl. Raya Piyungan - Prambanan No.KM.2, Gatak, Bokoharjo, Kec. Prambanan, Kabupaten Sleman, Daerah Istimewa Yogyakarta"
211,Candi Gampingan,Wisata Alam,Bantul,"Piyungan, Bantul",-7.83533333333333,110.436638888889,1.8,"Jl Gampingan, Madugondo, Sitimulyo, Kec. Piyungan, Bantul, Daerah Istimewa Yogyakarta 55792"
212,Candi Barong,Wisata Alam,Sleman,"Prambanan, Sleman",-7.775706,110.497149,1.0,"Dusun Candisari, Desa Sambirejo, Prambanan, Dowang Sari, Sambirejo, Kec. Prambanan, Kabupaten Sleman, Daerah Istimewa Yogyakarta 55572"
213,Candi Morangan,Wisata Alam,Sleman,"Ngemplak, Sleman",-7.683348,110.468303,0.0,"Morangan, Sindumartani, Kec. Ngemplak, Kabupaten Sleman, Daerah Istimewa Yogyakarta 55584"
215,Candi Keblak,Wisata Alam,Sleman,"Prambanan, Sleman",-7.78081388888889,110.484619444444,0.0,"Dusun Marangam, Kelurahan Bokoharjo, Kecamatan Prambanan, Kabupaten Sleman, Yogyakarta."
216,Candi Kedulan,Wisata Alam,Sleman,"Kalasan, Sleman",-7.742587,110.469698,5.0,"Kedulan, Tirtomartani, Kec. Kalasan, Kabupaten Sleman, Daerah Istimewa Yogyakarta 55571"
2939,Candi Abang,Wisata Alam,Sleman,"Berbah, Sleman",-7.810371,110.468687,0.0,"Blambangan, Jogotirto, Kec. Berbah, Kabupaten Sleman, Daerah Istimewa Yogyakarta 55573"
257,Desa Pentingsari,Wisata Buatan,Kota Yogyakarta,Yogyakarta,-7.641174,110.430043,0.0,
277,Desa Wisata Kinahrejo,Wisata Buatan,Kota Yogyakarta,Yogyakarta,-7.568152,110.453,2.0,"Jl. Kinahrejo Km. 22, Kinarejo, Umbulharjo, Yogyakarta, Kabupaten Sleman, Daerah Istimewa Yogyakarta 55583"
2869,Desa Wisata Pajangan,Wisata Buatan,Sleman,"Sleman, Sleman",-7.715276,110.365559,0.0,
2949,Upside Down World Jogja,Wisata Buatan,Sleman,"Depok, Sleman",-7.763727,110.419352,4.0,"Jl. Ring Road Utara Jl. Utama, Puyeran, Maguwoharjo, Kec. Depok, Kabupaten Sleman, Daerah Istimewa Yogyakarta 55282"
2953,De Mata Trick Eye Museum,Wisata Buatan,Kota Yogyakarta,Yogyakarta,-7.816317,110.387141,5.0,"XT Square, Jl. Veteran No.150-151, Pandeyan, Kec. Umbulharjo, Kota Yogyakarta, Daerah Istimewa Yogyakarta 55161"
2955,Jogjabay Pirates Adventure Waterpark,Wisata Buatan,Sleman,"Depok, Sleman",-7.748381,110.418816,3.0,"Jalan Utara Stadion, Maguwoharjo, Depok, Jenengan, Maguwoharjo, Kec. Depok, Kabupaten Sleman, Daerah Istimewa Yogyakarta 55281"
2963,Embung Tambakboyo,Wisata Buatan,Sleman,"Depok, Sleman",-7.754724,110.413663,4.3,"Condong Catur, Depok, Ngringin, Wedomartani, Kec. Ngemplak, Kabupaten Sleman, Daerah Istimewa Yogyakarta 55584"
2966,Embung Banjaroya,Wisata Buatan,Kulon Progo,"Kalibawang, Kulon Progo",-7.658986,110.234955,3.7,"Jl. Kalibawang-Sendang Sono, Tonogoro, Banjaroyo, Kalibawang, Kabupaten Kulon Progo, Daerah Istimewa Yogyakarta 55672"
2975,Baron Technopark,Wisata Buatan,Gunung Kidul,"Saptosari, Gunung Kidul",-8.132434,110.543692,3.8,"Ngresik, Kanigoro, Sapto Sari, Ngresik, Kanigoro, Sapto Sari, Kabupaten Gunung Kidul, Daerah Istimewa Yogyakarta 55871"
2979,Merapi Golf,Wisata Buatan,Sleman,"Cangkringan, Sleman",-7.620608,110.447038,1.8,"Jl. Golf No. 1, Kepuh Harjo, Cangkringan, Giri Harjo, Kepuharjo, Sleman, Kabupaten Sleman, Daerah Istimewa Yogyakarta 55583"
2988,Desa Wisata Giriloyo,Wisata Buatan,Bantul,"Imogiri, Bantul",-7.918639,110.404919,5.0,"Gazebo Wisata Giriloyo, Jl. Imogiri Tim. No.Km. 14, Karang Kulon, Wukirsari, Imogiri, Bantul, Daerah Istimewa Yogyakarta 55782"
2991,Desa Wisata Kembang Arum,Wisata Buatan,Sleman,"Turi, Sleman",-7.65783,110.37382,0.0,
3244,Desa Wisata Kebonagung,Wisata Buatan,Bantul,"Imogiri, Bantul",-7.9304593,110.3711052,5.0,
3259,Desa Wisata Goa Cemara,Wisata Buatan,Bantul,"Sanden, Bantul",-7.999366,110.248991,0.0,
3260,Desa Wisata Kaki Langit,Wisata Buatan,Bantul,"Dlingo, Bantul",-7.931804,110.421906,5.0,
3261,Desa Wisata Kalibuntung,Wisata Buatan,Bantul,"Pundong, Bantul",-7.948845,110.350321,0.0,
3262,Desa Wisata Karangtengah,Wisata Buatan,Bantul,"Imogiri, Bantul",-7.937619,110.381936,0.0,
3263,Desa Wisata Krebet,Wisata Buatan,Bantul,"Pajangan, Bantul",-7.858842,110.299762,0.0,
3264,Desa Wisata Manding,Wisata Buatan,Bantul,"Bantul, Bantul",-7.895469,110.352407,0.0,
3265,Desa Wisata Puton,Wisata Buatan,Bantul,"Jetis, Bantul",-7.90396,110.380412,0.0,
3266,Desa Wisata Santan,Wisata Buatan,Bantul,"Pajangan, Bantul",-7.893766,110.303566,0.0,
3267,Desa Wisata Guwosari Selarong,Wisata Buatan,Bantul,"Pajangan, Bantul",-7.863094,110.314252,0.0,
3268,Desa Wisata Tembi,Wisata Buatan,Bantul,"Sewon, Bantul",-7.871996,110.353844,0.0,
3269,Desa Wisata Wukirsari,Wisata Buatan,Bantul,"Imogiri, Bantul",-7.905494,110.408866,5.0,
3270,Desa Wisata Bejiharjo,Wisata Buatan,Gunung Kidul,"Karangmojo, Gunung Kidul",-7.928076,110.648343,5.0,
3271,Desa Wisata Bobung,Wisata Buatan,Gunung Kidul,"Patuk, Gunung Kidul",-7.864192,110.547315,5.0,
3272,Desa Wisata Jelok,Wisata Buatan,Gunung Kidul,"Patuk, Gunung Kidul",-7.88408,110.509062,5.0,
3273,Desa Wisata Nglanggeran,Wisata Buatan,Gunung Kidul,"Patuk, Gunung Kidul",-7.842733,110.53787,0.0,
3274,Kampung Wisata Cokrodiningratan,Wisata Buatan,Kota Yogyakarta,"Jetis, Kota Yogyakarta",-7.779764,110.367883,4.1,
3275,Kampung Wisata Kadipaten,Wisata Buatan,Kota Yogyakarta,"Kraton, Kota Yogyakarta",-7.806069,110.358301,5.0,
3276,Kampung Wisata Pakualaman,Wisata Buatan,Kota Yogyakarta,"Pakualaman, Kota Yogyakarta",-7.801054,110.376138,4.0,
3277,Kampung Wisata Purbayan,Wisata Buatan,Kota Yogyakarta,"Kotagede, Kota Yogyakarta",-7.826203,110.401772,5.0,"Dalem Purbayan, Rt. 42 Rw. 10, Kotagede, Purbayan, Kec. Kotagede, Kota Yogyakarta, Daerah Istimewa Yogyakarta 55173"
3278,Kampung Wisata Pandeyan,Wisata Buatan,Kota Yogyakarta,"Umbulharjo, Kota Yogyakarta",-7.814456,110.386154,5.0,"Jl. Pandeyan, Pandeyan, Kec. Umbulharjo, Kota Yogyakarta, Daerah Istimewa Yogyakarta 55161"
3279,Kampung Wisata Tamansari,Wisata Buatan,Kota Yogyakarta,"Kraton, Kota Yogyakarta",-7.810036,110.359424,3.0,"Wisata Taman Sari Jalan Tamanan, Patehan, Kecamatan Kraton, Kota Yogyakarta, Daerah Istimewa Yogyakarta 55133"
3280,Desa Wisata Banjarasri,Wisata Buatan,Kota Yogyakarta,Yogyakarta,-7.697922,110.225126,0.0,"Boro, Banjarasri, Kalibawang, Kabupaten Kulon Progo, Daerah Istimewa Yogyakarta 55672"
3281,Desa Wisata Banjaroya,Wisata Buatan,Kulon Progo,"Kalibawang, Kulon Progo",-7.658868,110.235073,5.0,"Jl. Kalibawang-Sendang Sono, Tonogoro, Banjaroyo, Kalibawang, Kabupaten Kulon Progo, Daerah Istimewa Yogyakarta 55672"
3282,Desa Wisata Jatimulyo,Wisata Buatan,Kulon Progo,"Girimulyo, Kulon Progo",-7.756751,110.131923,0.0,"Sekretariat Desa Wisata Jatimulyo, Dusun Sokomoyo, Desa jatimulyo, Kecamatan Girimulyo, Sokomoyo, Jatimulyo, Girimulyo, Kabupaten Kulon Progo, Daerah "
3283,Desa Wisata Kalibiru,Wisata Buatan,Kulon Progo,"Kokap, Kulon Progo",-7.805453,110.127852,2.5,"Jl Sermo, Kalibiru, Hargowilis, Kecamatan Kokap, Kabupaten Kulon Progo, Daerah Istimewa yogyakarta"
3285,Desa Wisata Nglinggo Pagerharjo,Wisata Buatan,Kulon Progo,"Samigaluh, Kulon Progo",-7.647644,110.141873,4.3,"Nglinggo Barat, Pagerharjo, Samigaluh, Kabupaten Kulon Progo, Daerah Istimewa Yogyakarta 55673"
3286,Desa Wisata Purwosari,Wisata Buatan,Kulon Progo,"Girimulyo, Kulon Progo",-7.734883,110.133375,0.0,"Sebrangkidul, Purwosari, Girimulyo, Kabupaten Kulon Progo, Daerah Istimewa Yogyakarta 55674"
3287,Desa Wisata Sermo,Wisata Buatan,Kulon Progo,"Kokap, Kulon Progo",-7.822833,110.123574,5.0,"Jalan Waduk Sermo, Kokap, Hargowilis, Kalibiru, Hargowilis, Kokap, Kabupaten Kulon Progo, Daerah Istimewa Yogyakarta 55653"
3288,Desa Wisata Sidorejo,Wisata Buatan,Kulon Progo,"Lendah, Kulon Progo",-7.9249,110.244935,0.0,"Jl. Balai Desa, Ledok, Sidorejo, Lendah, Kabupaten Kulon Progo, Daerah Istimewa Yogyakarta 55663"
3289,Desa Wisata Tinalah,Wisata Buatan,Kulon Progo,"Samigaluh, Kulon Progo",-7.695545,110.195877,5.0,"Jalan Persandian No.Km.5, Sendang Sari, Purwoharjo, Samigaluh, Kabupaten Kulon Progo, Daerah Istimewa Yogyakarta 55673"
3290,Desa Wisata Brajan,Wisata Buatan,Sleman,"Godean, Sleman",-7.73181,110.23459,0.0,"Sendangagung, Minggir, Plombangan, Sendangagung, Minggir, Kabupaten Sleman, Daerah Istimewa Yogyakarta 55562"
3291,Desa Wisata Gamplong,Wisata Buatan,Sleman,"Moyudan, Sleman",-7.805481,110.237446,2.5,"Gamplong,, Sumberrahayu, Moyudan, Dukuh, Sumberrahayu, Moyudan, Kabupaten Sleman, Daerah Istimewa Yogyakarta 55563"
3292,Desa Wisata Jethak II,Wisata Buatan,Sleman,"Godean, Sleman",-7.769467,110.311943,0.0,"Jethak II, Sidoakur,, Jetak II, Sidokarto, Kec. Godean, Kabupaten Sleman, Daerah Istimewa Yogyakarta 55264"
3293,Desa Wisata Kelor,Wisata Buatan,Sleman,"Turi, Sleman",-7.642462,110.361991,0.0,"Kelor, Bangun Kerto, Turi, Kelor, Bangun Kerto, Turi, Kabupaten Sleman, Daerah Istimewa Yogyakarta 55551"
3294,Desa Wisata Kembangarum,Wisata Buatan,Sleman,"Turi, Sleman",-7.656048,110.377171,0.0,"Kembangarum 13, Donokerto, Turi, Wetan Kali, Donokerto, Turi, Kabupaten Sleman, Daerah Istimewa Yogyakarta 55551"
3295,Desa Wisata Pancoh,Wisata Buatan,Sleman,"Turi, Sleman",-7.630349,110.397413,0.0,"Pancoh, Girikerto, Turi, Kabupaten Sleman, Daerah Istimewa Yogyakarta 55551"
3297,Desa Wisata Sendari,Wisata Buatan,Sleman,"Mlati, Sleman",-7.737506,110.325111,5.0,"Jl. Cebongan No.15, Sendon, Tirtoadi, Kec. Mlati, Kabupaten Sleman, Daerah Istimewa Yogyakarta 55287"
3298,Desa Wisata Sukunan,Wisata Buatan,Sleman,"Gamping, Sleman",-7.783625,110.3364,0.0,"Sukunan, Banyuraden, Gamping, Area Sawah, Banyuraden, Sleman, Kabupaten Sleman, Daerah Istimewa Yogyakarta 55293"
3299,Desa Wisata Tunggularum,Wisata Buatan,Sleman,"Turi, Sleman",-7.599764,110.393538,0.0,"Manggungsari, Wonokerto Turi, Kabupaten Sleman, Daerah Istimewa Yogyakarta"
3496,Bukit Teletubbies Prambanan,Wisata Buatan,Sleman,"Prambanan, Sleman",-7.8181275,110.5106697,0.0,"Candisari, Wukirharjo, Kec. Prambanan, Kabupaten Sleman, Daerah Istimewa Yogyakarta 55572"
3500,Embung Langensari,Wisata Buatan,Kota Yogyakarta,"Gondokusuman, Kota Yogyakarta",-7.786352,110.381613,0.0,"Jalan Kusbini No.35, Klitren, Gondokusuman, Klitren, Kec. Gondokusuman, Kota Yogyakarta, Daerah Istimewa Yogyakarta 55222"
3515,Sindu Kusuma Edu Park,Wisata Buatan,Sleman,"Mlati, Sleman",-7.767298,110.3520603,5.0,"Jl. Jambon Kragilan, Sinduadi, Kec. Mlati, Kabupaten Sleman, Daerah Istimewa Yogyakarta 55284"
3516,The World Landmarks Merapi Park,Wisata Buatan,Sleman,"Pakem, Sleman",-7.6209046,110.4194388,0.0,"Jl. Kaliurang No.KM. 22.5, Banteng, Hargobinangun, Kec. Pakem, Kabupaten Sleman, Daerah Istimewa Yogyakarta 55582"
3517,Galaxy Waterpark,Wisata Buatan,Bantul,"Banguntapan, Bantul",-7.8160503,110.4115022,1.0,"Jl. Wonosari No.KM. 6, Kalangan, Potorono, Kec. Banguntapan, Bantul, Daerah Istimewa Yogyakarta 55196"
3518,Balong Waterpark,Wisata Buatan,Bantul,"Banguntapan, Bantul",-7.8434924,110.4082012,3.0,"Jl. Pleret No.KM. 1,5, Banjardadap, Potorono, Kec. Banguntapan, Bantul, Daerah Istimewa Yogyakarta 55194"
3519,Grand Puri Waterpark,Wisata Buatan,Bantul,"Bantul, Bantul",-7.8777662,110.3498893,0.0,"Jl. Parangtritis KM. 9,5, Gabusan, Timbulharjo, Kec. Sewon, Bantul, Daerah Istimewa Yogyakarta 55186"
3520,Water Byur Ponjong,Wisata Buatan,Gunung Kidul,"Ponjong, Gunung Kidul",-7.9819152,110.7124424,5.0,"Desa Sumber, Kecamatan Ponjong, Kabupaten Gunung Kidul, Daerah Istimewa Jogjakarta."
3521,Taman Pelangi Monjali,Wisata Buatan,Sleman,"Ngaglik, Sleman",-7.7505259,110.3665162,5.0,"Jl. Ringroad Utara, Jongkang, Sariharjo, Kec. Ngaglik, Kabupaten Sleman, Daerah Istimewa Yogyakarta 55284"
103,Museum Sonobudoyo,Wisata Museum,Kota Yogyakarta,Yogyakarta,-7.802239,110.36396,0.0,"Jl. Pangurakan No.6, Ngupasan, Kec. Gondomanan, Kota Yogyakarta, Daerah Istimewa Yogyakarta 55122"
152,Taman Sari Keraton,Wisata Museum,Kota Yogyakarta,Yogyakarta,-7.81015,110.358945,4.2,"Wisata Taman Sari Jalan Tamanan, Patehan, Kecamatan Kraton, Kota Yogyakarta, Daerah Istimewa Yogyakarta 55133"
184,Tugu Pal Putih (Tugu Yogyakarta),Wisata Museum,Kota Yogyakarta,"Jetis, Kota Yogyakarta",-7.782962,110.367044,2003.0,"Cokrodiningratan, Kec. Jetis, Kota Yogyakarta, Daerah Istimewa Yogyakarta 55233"
193,Museum Benteng Vredeburg,Wisata Museum,Kota Yogyakarta,"Gondokusuman, Kota Yogyakarta",-7.80021,110.366255,1.5,"Jl. Margo Mulyo No.6, Ngupasan, Kec. Gondomanan, Kota Yogyakarta, Daerah Istimewa Yogyakarta 55122"
258,Pemakaman Raja Imogiri,Wisata Museum,Bantul,"Imogiri, Bantul",-7.831959,110.398581,3.0,"Jl. Makam Raja, Salaman, Karangtalun, Imogiri, Bantul, Daerah Istimewa Yogyakarta 55782"
259,Puro Pakualaman,Wisata Museum,Kota Yogyakarta,"Pakualaman, Kota Yogyakarta",-7.800131,110.376125,3.0,"Jl. Masjid No.46, Gunungketur, Pakualaman, Kota Yogyakarta, Daerah Istimewa Yogyakarta 55166"
260,Sumur Gumuling,Wisata Museum,Kota Yogyakarta,Yogyakarta,-7.804749,110.359251,4.0,"Patehan, Kecamatan Kraton, Kota Yogyakarta, Daerah Istimewa Yogyakarta 55133"
261,Goa Selarong,Wisata Museum,Kota Yogyakarta,Yogyakarta,-7.861964,110.314867,0.0,"Waktu Gedug, Guwosari, Pajangan, Bantul, Daerah Istimewa Yogyakarta 55751"
262,Pulo Cemeti,Wisata Museum,Kota Yogyakarta,Yogyakarta,-7.811141,110.359925,3.0,"Jl. Polowijan No.5, Patehan, Kecamatan Kraton, Kota Yogyakarta, Daerah Istimewa Yogyakarta 55133"
331,Situs Krapyak,Wisata Museum,Bantul,"Sewon, Bantul",-7.8277787,110.3604041,3.7,"Jalan Kh. Ali Maksum, Panggungharjo, Sewon, Krapyak Kulon, Panggungharjo, Sewon, Kota Yogyakarta, Daerah Istimewa Yogyakarta 55188"
2976,Museum Dirgantara Mandala,Wisata Museum,Kota Yogyakarta,Yogyakarta,-7.789936,110.415678,0.0,"Kompleks Landasan Udara Adisucipto, Jl. Kolonel Sugiono, Karang Janbe, Banguntapan, Yogyakarta, Bantul, Daerah Istimewa Yogyakarta 55282"
2986,Museum Biologi UGM,Wisata Museum,Kota Yogyakarta,"Mergangsan, Kota Yogyakarta",-7.801741,110.374492,0.0,"Jl. Sultan Agung No.22, Wirogunan, Kec. Mergangsan, Kota Yogyakarta, Daerah Istimewa Yogyakarta 55151"
3257,Titik Nol Km Yogyakarta,Wisata Museum,Kota Yogyakarta,"Gondomanan, Kota Yogyakarta",-7.801374,110.364762,3.6,"Jl. Panembahan Senopati, Prawirodirjan, Kec. Gondomanan, Kota Yogyakarta, Daerah Istimewa Yogyakarta 55121"
99,Keraton Ngayogyakarta Hadiningrat,Wisata Budaya dan Sejarah,Kota Yogyakarta,Yogyakarta,-7.805283,110.364202,4.5,"Jalan Rotowijayan Blok No. 1, Panembahan, Kecamatan Kraton, Kota Yogyakarta, Daerah Istimewa Yogyakarta"
100,Candi Ijo,Wisata Budaya dan Sejarah,Kota Yogyakarta,Yogyakarta,-7.783862,110.512054,4.5,"Kikis, Sambirejo, Kec. Prambanan, Kabupaten Sleman, Daerah Istimewa Yogyakarta 55572"
101,Tari Tradisional di nDalem Pujokusuman,Wisata Budaya dan Sejarah,Kota Yogyakarta,Yogyakarta,-7.81243,110.369175,0.0,"Keparakan, Kec. Mergangsan, Kota Yogyakarta, Daerah Istimewa Yogyakarta"
143,Alun-alun Kidul (Alkid),Wisata Budaya dan Sejarah,Kota Yogyakarta,Yogyakarta,-7.811924,110.363164,3.8,"Jl. Alun Alun Kidul, Patehan, Kecamatan Kraton, Kota Yogyakarta, Daerah Istimewa Yogyakarta 55133"
189,Bekakak,Wisata Budaya dan Sejarah,Sleman,"Gamping, Sleman",-7.805975,110.312877,5.0,"Ambarketawang, Gamping, Gamping Tengah, Ambarketawang, Kec. Gamping, Kabupaten Sleman, Daerah Istimewa Yogyakarta 55294"
263,Pasar Burung Ngasem,Wisata Budaya dan Sejarah,Kota Yogyakarta,Yogyakarta,-7.806096,110.360284,1.3,"Jalan Ngasem, RT.Danukusuman, Kadipaten, Kecamatan Kraton, Kota Yogyakarta, Daerah Istimewa Yogyakarta 55132"
264,Kerajinan Kasongan,Wisata Budaya dan Sejarah,Kota Yogyakarta,Yogyakarta,-7.847749,110.337918,0.0,"Jl. Kasongan, Kajen, Bangunjiwo, Kec. Kasihan, Bantul, Daerah Istimewa Yogyakarta 55184"
265,Pasar Beringharjo,Wisata Budaya dan Sejarah,Kota Yogyakarta,Yogyakarta,-7.799,110.367099,2.5,"Jl. Margo Mulyo No.16, Ngupasan, Kec. Gondomanan, Kota Yogyakarta, Daerah Istimewa Yogyakarta 55122"
275,Museum Affandi,Wisata Budaya dan Sejarah,Kota Yogyakarta,Yogyakarta,-7.782714,110.396397,5.0,"Jl. Laksda Adisucipto No.167, Papringan, Caturtunggal, Kec. Depok, Kabupaten Sleman, Daerah Istimewa Yogyakarta 55281"
276,Museum Bahari,Wisata Budaya dan Sejarah,Kota Yogyakarta,Yogyakarta,-7.801111,110.349397,0.0,"Jl. R. E. Martadinata No.69, Wirobrajan, Bantul, Daerah Istimewa Yogyakarta 55182"
96,Masjid Agung Mataram Kota Gede,Wisata Minat Khusus,Kota Yogyakarta,Yogyakarta,-7.8293946,110.3981878,0.0,"Jl. Purbayan, Sayangan, Jagalan, Kec. Kotagede, Bantul, Daerah Istimewa Yogyakarta 55222"
97,Goa Maria Lourdes Sendangsono,Wisata Minat Khusus,Kota Yogyakarta,Yogyakarta,-7.666026,110.225969,0.0,"Semagung, Samagang, Banjaroyo, Kalibawang, Kabupaten Kulon Progo, Daerah Istimewa Yogyakarta 55672"
98,Klenteng Tjen Ling Kiong,Wisata Minat Khusus,Kota Yogyakarta,Yogyakarta,-7.781816,110.365671,0.0,"Jl. Poncowinatan No.16 RT 007/02, Cokrodiningratan, Kec. Jetis, Kota Yogyakarta, Daerah Istimewa Yogyakarta 55233"
142,Dusun Mlangi,Wisata Minat Khusus,Kota Yogyakarta,Yogyakarta,-7.761913,110.33291,0.0,"Cambahan, Nogotirto, Kec. Gamping, Kabupaten Sleman, Daerah Istimewa Yogyakarta 55592"
202,Masjid Agung Mataram Kota Gede,Wisata Minat Khusus,Kota Yogyakarta,"Kotagede, Kota Yogyakarta",-7.82935,110.399483,3.3,"Jl. Purbayan, Sayangan, Jagalan, Kec. Kotagede, Bantul, Daerah Istimewa Yogyakarta 55222"
254,Masjid Gedhe Kauman,Wisata Minat Khusus,Kota Yogyakarta,Yogyakarta,-7.80385,110.362198,5.0,"Alun-Alun Keraton, Jl. Kauman, Ngupasan, Kec. Gondomanan, Kota Yogyakarta, Daerah Istimewa Yogyakarta 55132"
255,Gereja Ganjuran,Wisata Minat Khusus,Kota Yogyakarta,Yogyakarta,-7.926319,110.318964,5.0,"Jalan Ganjuran, Sumbermulyo, Bambanglipuro, Jogodayoh, Sumbermulyo, Bambang Lipuro, Bantul, Daerah Istimewa Yogyakarta 55764"
256,Gua Maria Tritis,Wisata Minat Khusus,Gunung Kidul,"Paliyan, Gunung Kidul",-8.082652,110.556704,0.0,"Jl. Sapto Sari, Dusun Bulu, Paliyan, Gn. Dowo, Giring, Paliyan, Kabupaten Gunung Kidul, Daerah Istimewa Yogyakarta 55871"
278,Masjid Jami' Sulthoni Plosokuning,Wisata Minat Khusus,Sleman,"Ngaglik, Sleman",-7.735858,110.407404,5.0,"Jl. Plosokuning Raya, Ploso Kuning IV, Minomartani, Kec. Ngaglik, Kabupaten Sleman, Daerah Istimewa Yogyakarta 55581"
279,Masjid Syuhada,Wisata Minat Khusus,Kota Yogyakarta,Yogyakarta,-7.798376,110.368888,5.0,"Jl. I Dewa Nyoman Oka No.13, Kotabaru, Kec. Gondokusuman, Kota Yogyakarta, Daerah Istimewa Yogyakarta 55224"
280,Masjid An-Nurumi,Wisata Minat Khusus,Kota Yogyakarta,Yogyakarta,-7.760465,110.47638,0.0,"JL. Raya Yogya - Solo‎, Bendan, Tirtomartani, Kec. Kalasan, Kabupaten Sleman, Daerah Istimewa Yogyakarta 55571"
3498,Goa Cerme,Wisata Minat Khusus,Bantul,"Imogiri, Bantul",-7.9794413,110.3781227,0.0,"Jl. Srunggo, Srunggo, Selopamioro, Kec. Imogiri, Bantul, Daerah Istimewa Yogyakarta 55782"
93,Kebun Buah Mangunan,Wisata Pantai,Kota Yogyakarta,Yogyakarta,-7.940419,110.4246,4.7,"Jl. Imogiri - Dlingo, Sukorame, Mangunan, Dlingo, Bantul, Daerah Istimewa Yogyakarta 55783"
94,Air Terjun Sri Gethuk,Wisata Pantai,Kota Yogyakarta,Yogyakarta,-7.945583,110.487963,3.0,"Mungguran II, Bleberan, Playen, Kabupaten Gunung Kidul, Daerah Istimewa Yogyakarta"
95,Pantai Pok Tunggal,Wisata Pantai,Kota Yogyakarta,Yogyakarta,-8.155016,110.621132,0.0,"Desa Tepus, Tepus, Kidul, Daerah Istimewa Yogyakarta 55881"
139,Goa Pindul,Wisata Pantai,Kota Yogyakarta,Yogyakarta,-7.929455,110.648965,4.3,"Gelaran 2, RT.03/RW.16, Bejiharjo, Karangmojo, Kabupaten Gunung Kidul, Daerah Istimewa Yogyakarta 55891"
140,Pantai Jogan,Wisata Pantai,Kota Yogyakarta,Yogyakarta,-8.17965,110.676188,0.0,"Pantai, Purwodadi, Tepus, Kabupaten Gunung Kidul, Daerah Istimewa Yogyakarta"
141,Pantai Pulang Sawal atau Indrayanti,Wisata Pantai,Kota Yogyakarta,Yogyakarta,-8.150219,110.612002,5.0,"Jl. Trenggale Watuwalang, Pantai, Tepus, Kabupaten Gunung Kidul, Daerah Istimewa Yogyakarta 55881"
150,Pantai Nglambor,Wisata Pantai,Kota Yogyakarta,Yogyakarta,-8.182702,110.679241,2.9,"Pantai, Purwodadi, Tepus, Kabupaten Gunung Kidul, Daerah Istimewa Yogyakarta"
251,Pantai Parangtritis,Wisata Pantai,Kota Yogyakarta,Yogyakarta,-8.024562,110.328802,4.2,"Pantai, Parangtritis, Kec. Kretek, Bantul, Daerah Istimewa Yogyakarta"
252,Gunung Merapi,Wisata Pantai,Kota Yogyakarta,Yogyakarta,-7.540718,110.445724,2.5,"Dusun 2, Suroteleng, Selo, Kabupaten Boyolali, Jawa Tengah"
266,Pantai Ngobaran,Wisata Pantai,Gunung Kidul,"Saptosari, Gunung Kidul",-8.119501,110.505849,0.0,"Jalan Ngobaran, Ngrenehan, Sapto Sari, Gebang, Kanigoro, Sapto Sari, Kabupaten Gunung Kidul, Daerah Istimewa Yogyakarta 55871"
267,Pantai Baron,Wisata Pantai,Gunung Kidul,"Tanjungsari, Gunung Kidul",-8.128826,110.548776,0.0,"Ngresik Kanigoro, Ngresik, Kanigoro, Sapto Sari, Kabupaten Gunung Kidul, Daerah Istimewa Yogyakarta 55871"
268,Bukit Bintang,Wisata Pantai,Kota Yogyakarta,Yogyakarta,-7.84566,110.480209,5.0,"Patuk, Kabupaten Gunung Kidul, Daerah Istimewa Yogyakarta 55792"
269,Kalibiru,Wisata Pantai,Kota Yogyakarta,Yogyakarta,-7.805863,110.128007,4.0,"Jalan Waduk Sermo, Kokap, Hargowilis, Kalibiru, Hargowilis, Kokap, Kabupaten Kulon Progo, Daerah Istimewa Yogyakarta 55653"
270,Pantai Drini,Wisata Pantai,Kota Yogyakarta,Yogyakarta,-8.138532,110.57771,0.0,"Banjarejo, Kec. Tanjungsari, Kabupaten Gunung Kidul, Daerah Istimewa Yogyakarta 55881"
271,Gunung Nglanggeran,Wisata Pantai,Gunung Kidul,"Patuk, Gunung Kidul",-7.840555,110.544999,0.0,"Tlogo, Terbah, Patuk, Kabupaten Gunung Kidul, Daerah Istimewa Yogyakarta"
272,Pantai Glagah,Wisata Pantai,Kulon Progo,"Temon, Kulon Progo",-7.916243,110.075748,0.0,"Glagah, Kec. Temon, Kabupaten Kulon Progo, Daerah Istimewa Yogyakarta 55654"
273,Pantai Depok,Wisata Pantai,Bantul,"Bantul, Bantul",-8.016112,110.300278,5.0,"Parangtritis, Pantai, Parangtritis, Kec. Kretek, Bantul, Daerah Istimewa Yogyakarta"
274,Pantai Sadeng,Wisata Pantai,Gunung Kidul,"Girisubo, Gunung Kidul",-8.188879,110.799029,0.0,"Songbanyu, Girisubo, Kabupaten Gunung Kidul, Daerah Istimewa Yogyakarta 55883"
2842,Hutan Mangrove,Wisata Pantai,Kulon Progo,"Temon, Kulon Progo",-7.893059,110.019804,3.5,"Pasir Mendit, Jangkaran, Kec. Temon, Kabupaten Kulon Progo, Daerah Istimewa Yogyakarta 55654"
2856,Hutan Pinus,Wisata Pantai,Bantul,"Dlingo, Bantul",-7.931727,110.421485,5.0,"Sukorame, Mangunan, Dlingo, Bantul, Daerah Istimewa Yogyakarta 66783"
2859,Puncak Becici,Wisata Pantai,Bantul,"Dlingo, Bantul",-7.901602,110.437522,5.0,"Gunungcilik, RT.07/RW.02, Gn. Cilik, Muntuk, Dlingo, Bantul, Daerah Istimewa Yogyakarta 55783"
2875,Pantai Wediombo,Wisata Pantai,Gunung Kidul,"Girisubo, Gunung Kidul",-8.184828,110.709157,0.0,"Pendowo, Jepitu, Girisubo, Kabupaten Gunung Kidul, Daerah Istimewa Yogyakarta"
2878,Waduk Sermo,Wisata Pantai,Kulon Progo,"Kokap, Kulon Progo",-7.8229366,110.1234735,5.0,"Sremo Lor, Hargowilis, Kokap, Kabupaten Kulon Progo, Daerah Istimewa Yogyakarta 55653"
2882,Pantai Slili,Wisata Pantai,Gunung Kidul,"Tepus, Gunung Kidul",-8.144965,110.602878,0.0,"Jalan Pantai Krakal, Tepus, Kabupaten Gunung Kidul, Daerah Istimewa Yogyakarta 55881"
2885,Air Terjun Kedung Pedut,Wisata Pantai,Kulon Progo,"Girimulyo, Kulon Progo",-7.766687,110.120269,2.5,"Banyunganti, Jatimulyo, Girimulyo, Kabupaten Kulon Progo, Daerah Istimewa Yogyakarta 55674"
2904,Kebun Teh Nglinggo,Wisata Pantai,Kulon Progo,"Samigaluh, Kulon Progo",-7.6470573,110.1413445,3.5,"Nglinggo Barat, Pagerharjo, Samigaluh, Kabupaten Kulon Progo, Daerah Istimewa Yogyakarta 55673"
2911,Pantai Krakal,Wisata Pantai,Gunung Kidul,"Tanjungsari, Gunung Kidul",-8.14507,110.598867,0.0,"Ngestirejo, Kec. Tanjungsari, Kabupaten Gunung Kidul, Daerah Istimewa Yogyakarta 55000"
2912,Pantai Sundak,Wisata Pantai,Kota Yogyakarta,Yogyakarta,-8.147083,110.607932,0.0,"Sidoharjo, Tepus, Kabupaten Gunung Kidul, Daerah Istimewa Yogyakarta 55881"
2913,Pantai Kukup,Wisata Pantai,Kota Yogyakarta,Yogyakarta,-8.133517,110.553982,0.0,"Ngepung, Kemadang, Kec. Tanjungsari, Kabupaten Gunung Kidul, Daerah Istimewa Yogyakarta 55881"
2914,Pantai Timang,Wisata Pantai,Gunung Kidul,"Tepus, Gunung Kidul",-8.176553,110.662308,0.0,"55881, Jl. Pantai Sel. Jawa, Pantai, Purwodadi, Tepus, Kabupaten Gunung Kidul, Daerah Istimewa Yogyakarta 55881"
2917,Pantai Kesirat,Wisata Pantai,Gunung Kidul,"Panggang, Gunung Kidul",-8.096151,110.435048,0.0,"Karang, Girikarto, Panggang, Kabupaten Gunung Kidul, Daerah Istimewa Yogyakarta 55872"
2921,Pantai Sadranan,Wisata Pantai,Gunung Kidul,"Tepus, Gunung Kidul",-8.145467,110.604106,3.7,"Pantai Sadranan, Pule Gundes II, Sidoharjo, Tepus, Kabupaten Gunung Kidul, Daerah Istimewa Yogyakarta 55881"
2922,Pantai Ngungap,Wisata Pantai,Gunung Kidul,"Girisubo, Gunung Kidul",-8.196228,110.768482,0.0,"Wonotoro, Pucung, Girisubo, Kabupaten Gunung Kidul, Daerah Istimewa Yogyakarta 55883"
2925,Pantai Ngandong,Wisata Pantai,Kota Yogyakarta,Yogyakarta,-8.146423,110.606146,5.0,"Jalan Pantai Selatan Jawa, Sidoharjo, Tepus, Kabupaten Gunung Kidul, Daerah Istimewa Yogyakarta 55881"
2927,Pantai Gesing,Wisata Pantai,Gunung Kidul,"Panggang, Gunung Kidul",-8.10812,110.468433,0.0,"Girikarto, Panggang, Bolang, Girikarto, Panggang, Kabupaten Gunung Kidul, Daerah Istimewa Yogyakarta 55133"
2929,Pantai Watu Lawang,Wisata Pantai,Gunung Kidul,"Tepus, Gunung Kidul",-8.15358,110.617732,0.0,"Pantai, Tepus, Kota Yogyakarta, Daerah Istimewa Yogyakarta 55881"
2930,Pantai Watu Kodok,Wisata Pantai,Gunung Kidul,"Tanjungsari, Gunung Kidul",-8.137328,110.574326,0.0,"Kelor Kidul, Kemadang, Kec. Tanjungsari, Kabupaten Gunung Kidul, Daerah Istimewa Yogyakarta 55881"
2932,Pantai Wohkudu,Wisata Pantai,Gunung Kidul,"Panggang, Gunung Kidul",-8.098916,110.440547,0.0,"Dukuh Wiroso, Girikarto, Panggang, Wiloso, Girikarto, Panggang, Kabupaten Gunung Kidul, Daerah Istimewa Yogyakarta 55893"
2934,Pantai Dadap Ayam,Wisata Pantai,Gunung Kidul,"Saptosari, Gunung Kidul",-8.126336,110.522393,0.0,"Gebang, Kanigoro, Sapto Sari, Kabupaten Gunung Kidul, Daerah Istimewa Yogyakarta 55871"
2936,Pantai Siung,Wisata Pantai,Gunung Kidul,"Tepus, Gunung Kidul",-8.182019,110.682625,5.0,"Duwet, Purwodadi, Tepus, Kabupaten Gunung Kidul, Daerah Istimewa Yogyakarta"
2938,Pantai Sepanjang,Wisata Pantai,Gunung Kidul,"Tanjungsari, Gunung Kidul",-8.136582,110.565707,0.0,"Jl. nglolang,saglen, Ngalos, Kemadang, Kec. Tanjungsari, Kabupaten Gunung Kidul, Daerah Istimewa Yogyakarta 55881"
2941,Tebing Breksi,Wisata Pantai,Sleman,"Prambanan, Sleman",-7.782314,110.504779,2.5,"Gn. Sari, Sambirejo, Kec. Prambanan, Kabupaten Sleman, Daerah Istimewa Yogyakarta 55572"
2944,Gumuk Pasir,Wisata Pantai,Bantul,"Sanden, Bantul",-8.001991,110.262808,2.3,"Jl. Pantai Parangkusumo RT. 1, Grogol 10, Kretek, Parangtritis, Pantai, Parangtritis, Kec. Kretek, Bantul, Daerah Istimewa Yogyakarta 55772"
2945,Puncak Kosakora,Wisata Pantai,Gunung Kidul,"Tanjungsari, Gunung Kidul",-8.141804,110.584206,2.5,"Banjarejo, Tanjungsari, Area Hutan, Ngestirejo, Kec. Tanjungsari, Kabupaten Gunung Kidul, Daerah Istimewa Yogyakarta 55881"
2977,Curug Kembang Soka,Wisata Pantai,Kulon Progo,"Girimulyo, Kulon Progo",-7.766958,110.117825,0.0,"Banyunganti, Jatimulyo, Girimulyo, Kabupaten Kulon Progo, Daerah Istimewa Yogyakarta 55674"
2981,Grojogan Sewu Kulon Progo,Wisata Pantai,Kulon Progo,"Girimulyo, Kulon Progo",-7.751963,110.135821,0.0,"Beteng, Jatimulyo, Girimulyo, Kabupaten Kulon Progo, Daerah Istimewa Yogyakarta 55674"
3284,Karst Tubing Kaliserang,Wisata Pantai,Kulon Progo,"Pengasih, Kulon Progo",-7.824976,110.161701,0.0,"Gegunung, Sendangsari, Kec. Pengasih, Kabupaten Kulon Progo, Daerah Istimewa Yogyakarta 55652"
3450,Pantai Parangendog,Wisata Pantai,Gunung Kidul,"Purwosari, Gunung Kidul",-8.029895,110.344307,5.0,"Parang Reja, Girijati, Purwosari, Kabupaten Gunung Kidul, Daerah Istimewa Yogyakarta 55872"
3451,Pantai Watugupit,Wisata Pantai,Gunung Kidul,"Purwosari, Gunung Kidul",-8.029976,110.344375,0.0,"Parang Reja, Girijati, Purwosari, Kabupaten Gunung Kidul, Daerah Istimewa Yogyakarta 55872"
3452,Pantai Klampok,Wisata Pantai,Gunung Kidul,"Purwosari, Gunung Kidul",-8.005246,110.3104747,0.0,"Desa Girijati, Purwosari, Gunung Kidul, Daerah istimewa Yogyakarta."
3453,Pantai Bekah,Wisata Pantai,Gunung Kidul,"Purwosari, Gunung Kidul",-8.071081,110.375292,0.0,"Giripurwo, Purwosari, Temon, Giripurwo, Purwosari, Kabupaten Gunung Kidul, Daerah Istimewa Yogyakarta 55872"
3454,Pantai Ngunggah,Wisata Pantai,Gunung Kidul,"Panggang, Gunung Kidul",-8.079051,110.408713,0.0,"Klepu, Giriwungu, Panggang, Kabupaten Gunung Kidul, Daerah Istimewa Yogyakarta 55872"
3455,Pantai Grigak,Wisata Pantai,Gunung Kidul,"Panggang, Gunung Kidul",-8.093101,110.434968,5.0,"Petung, Giriwungu, Panggang, Kabupaten Gunung Kidul, Daerah Istimewa Yogyakarta 55872"
3456,Pantai Celeng Tibo,Wisata Pantai,Gunung Kidul,"Panggang, Gunung Kidul",-8.0844096,110.4330514,5.0,"Desa Girikarto, Kecamatan Panggang, Kabupaten Gunung Kidul, Daerah Istimewa Yogyakarta, Indonesia"
3457,Pantai Ngreslangu,Wisata Pantai,Gunung Kidul,"Panggang, Gunung Kidul",-8.0844096,110.4330514,0.0,"Girikarto, Kecamatan Panggang, Kabupaten Gunung Kidul, Daerah Istimewa Yogyakarta"
3458,Pantai Nungguran,Wisata Pantai,Gunung Kidul,"Panggang, Gunung Kidul",-8.0373236,110.3715724,0.0,"Kecamatan Panggang, Kabupaten Gunung Kidul, Daerah Istimewa Yogyakarta, Indonesia"
3459,Pantai Kepek,Wisata Pantai,Gunung Kidul,"Panggang, Gunung Kidul",-8.0844096,110.4330514,0.0,"Desa Girikarto, Kecamatan Panggang, Kabupaten Gunungkidul, Daerah Istimewa Yogyakarta"
3460,Pantai Butuh,Wisata Pantai,Gunung Kidul,"Saptosari, Gunung Kidul",-8.111763,110.485544,5.0,"Krambilsawit, Saptosari, Kabupaten Gunung Kidul, Daerah Istimewa Yogyakarta 55871"
3461,Pantai Njanganan,Wisata Pantai,Gunung Kidul,"Saptosari, Gunung Kidul",-8.115733,110.490896,0.0,"Krambil Sawit, Sapto Sari, Kabupaten Gunung Kidul, Daerah Istimewa Yogyakarta 55871"
3462,Pantai Nglimun,Wisata Pantai,Gunung Kidul,"Saptosari, Gunung Kidul",-8.116605,110.493775,0.0,"Bedalo, Krambil Sawit, Sapto Sari, Kabupaten Gunung Kidul, Daerah Istimewa Yogyakarta 55871"
3464,Pantai Jugala,Wisata Pantai,Gunung Kidul,"Saptosari, Gunung Kidul",-8.116335,110.496335,0.0,"Krambil Sawit, Sapto Sari, Bedalo, Krambil Sawit, Sapto Sari, Kabupaten Gunung Kidul, Daerah Istimewa Yogyakarta 55871"
3465,Pantai Ngeden,Wisata Pantai,Gunung Kidul,"Saptosari, Gunung Kidul",-8.116297,110.496336,5.0,"Krambil Sawit, Sapto Sari, Bedalo, Krambil Sawit, Sapto Sari, Kabupaten Gunung Kidul, Daerah Istimewa Yogyakarta 55871"
3466,Pantai Pringjono,Wisata Pantai,Gunung Kidul,"Saptosari, Gunung Kidul",-8.117855,110.499466,0.0,"Bedalo, Kanigoro, Sapto Sari, Kabupaten Gunung Kidul, Daerah Istimewa Yogyakarta 55871"
3468,Pantai Nguyahan,Wisata Pantai,Gunung Kidul,"Saptosari, Gunung Kidul",-8.1186569,110.5026283,0.0,"Kanigoro, Sapto Sari, Kabupaten Gunung Kidul, Daerah Istimewa Yogyakarta 55871"
3469,Pantai Dluwok,Wisata Pantai,Gunung Kidul,"Saptosari, Gunung Kidul",-8.120554,110.507687,0.0,"Gebang, Kanigoro, Sapto Sari, Kabupaten Gunung Kidul, Daerah Istimewa Yogyakarta 55871"
3470,Pantai Ngrenehan,Wisata Pantai,Gunung Kidul,"Saptosari, Gunung Kidul",-8.121093,110.514191,0.0,"Wonosari, Kanigoro, Sapto Sari, Kanigoro, Sapto Sari, Kabupaten Gunung Kidul, Daerah Istimewa Yogyakarta 55871"
3471,Pantai Torohudan,Wisata Pantai,Gunung Kidul,"Saptosari, Gunung Kidul",-8.122559,110.516295,0.0,"Kanigoro, Sapto Sari, Kabupaten Gunung Kidul, Daerah Istimewa Yogyakarta 55871"
3472,Pantai Ngrawah,Wisata Pantai,Gunung Kidul,"Saptosari, Gunung Kidul",-8.125081,110.520203,0.0,"Kanigoro, Sapto Sari, Kabupaten Gunung Kidul, Daerah Istimewa Yogyakarta 55871"
3473,Pantai Widodaren,Wisata Pantai,Gunung Kidul,"Saptosari, Gunung Kidul",-8.125593,110.521557,0.0,"Kanigoro, Sapto Sari, Kabupaten Gunung Kidul, Daerah Istimewa Yogyakarta 55871"
3474,Pantai Kayu Manis,Wisata Pantai,Gunung Kidul,"Saptosari, Gunung Kidul",-8.129545,110.534235,0.0,"Kanigoro, Sapto Sari, Kranon, Kanigoro, Sapto Sari, Kabupaten Gunung Kidul, Daerah Istimewa Yogyakarta 55871"
3475,Pantai Parangracuk,Wisata Pantai,Gunung Kidul,"Saptosari, Gunung Kidul",-8.131688,110.54474,0.0,"Kanigoro, Sapto Sari, Kabupaten Gunung Kidul, Daerah Istimewa Yogyakarta 55871"
3476,Pantai Peyuyon,Wisata Pantai,Gunung Kidul,"Saptosari, Gunung Kidul",-8.127601,110.52403,0.0,"Kanigoro, Sapto Sari, Kabupaten Gunung Kidul, Daerah Istimewa Yogyakarta 55871"
3477,Pantai Porok,Wisata Pantai,Gunung Kidul,"Tanjungsari, Gunung Kidul",-8.134199,110.558,0.0,"Kemadang, Tanjungsari, Kabupaten Gunung Kidul, Daerah Istimewa Yogyakarta 55881"
3478,Pantai Lolang,Wisata Pantai,Gunung Kidul,"Tanjungsari, Gunung Kidul",-8.135245,110.560602,0.0,"Ngepung, Kemadang, Kec. Tanjungsari, Kabupaten Gunung Kidul, Daerah Istimewa Yogyakarta 55881"
3479,Pantai Sanglen,Wisata Pantai,Gunung Kidul,"Tanjungsari, Gunung Kidul",-8.136739,110.571635,0.0,"Kemadang, Kec. Tanjungsari, Kabupaten Gunung Kidul, Daerah Istimewa Yogyakarta 55881"
3480,Pantai Watu Bolong,Wisata Pantai,Gunung Kidul,"Tanjungsari, Gunung Kidul",-8.139469,110.581011,0.0,"Jl. Drini Tim., Banjarejo, Kec. Tanjungsari, Kabupaten Gunung Kidul, Daerah Istimewa Yogyakarta 55881"
3481,Pantai Ngrumput,Wisata Pantai,Gunung Kidul,"Semanu, Gunung Kidul",-8.140386,110.583136,0.0,"Kabupaten Gunung Kidul, Daerah Istimewa Yogyakarta 55881"
3482,Pantai Sarangan,Wisata Pantai,Gunung Kidul,"Tanjungsari, Gunung Kidul",-8.147562,110.596249,0.0,"Area Hutan, Ngestirejo, Kec. Tanjungsari, Kabupaten Gunung Kidul, Daerah Istimewa Yogyakarta 55881"
3483,Pantai Somandeng,Wisata Pantai,Gunung Kidul,"Tepus, Gunung Kidul",-8.149094,110.610114,0.0,"Jl. Pantai Sel. Jawa No.2, Pantai, Tepus, Kabupaten Gunung Kidul, Daerah Istimewa Yogyakarta 55881"
3484,Pantai Tringgole,Wisata Pantai,Gunung Kidul,"Tepus, Gunung Kidul",-7.805321,110.364214,0.0,"Tepus, Pantai, Tepus, Kabupaten Gunung Kidul, Daerah Istimewa Yogyakarta 55881"
3497,Bukit Klangon Merapi,Wisata Pantai,Sleman,"Cangkringan, Sleman",-7.5768498,110.4527721,5.0,"Kalitengah Lor, Glagaharjo, Kec. Cangkringan, Kabupaten Sleman, Daerah Istimewa Yogyakarta 55583"
3499,Kampung Edukasi Watu Lumbung,Wisata Pantai,Bantul,"Pundong, Bantul",-7.9924379,110.3155893,0.0,"Jalan Panglima Sudirman, Duwuran, Parangtritis, Kec. Kretek, Bantul, Daerah Istimewa Yogyakarta 55772"
3501,Alamanda Jogja Flowers Garden ,Wisata Pantai,Sleman,"Turi, Sleman",-7.649257,110.365866,0.0,"Jl. Tempel - Turi No.Km.5, Dedapan, Bangun Kerto, Kec. Turi, Kabupaten Sleman, Daerah Istimewa Yogyakarta 55551"
3502,Agrowisata Bhumi Merapi,Wisata Pantai,Sleman,"Pakem, Sleman",-7.639997,110.42637,0.0,"Jl. Kaliurang KM.20, Sawangan, Hargobinangun, Kec. Pakem, Kabupaten Sleman, Daerah Istimewa Yogyakarta 55582"
3503,Bukit Panguk Kediwung,Wisata Pantai,Bantul,"Dlingo, Bantul",-7.9583695,110.4385735,0.0,"Kediwung, Mangunan, Dlingo, Bantul, Daerah Istimewa Yogyakarta 55783"
3504,Taman Bambu Air Sermo,Wisata Pantai,Kulon Progo,"Kokap, Kulon Progo",-7.8211478,110.1128527,0.0,"Tegiri 1, Hargowilis, Kokap, Kabupaten Kulon Progo, Daerah Istimewa Yogyakarta 55653"
3505,Bukit Paralayang Parangtritis,Wisata Pantai,Gunung Kidul,"Purwosari, Gunung Kidul",-8.0268551,110.3437235,0.0,"Giricahyo, Purwosari, Kabupaten Gunung Kidul, Daerah Istimewa Yogyakarta 55872"
3506,Goa Kalisuci,Wisata Pantai,Gunung Kidul,"Semanu, Gunung Kidul",-8.0097303,110.636784,0.0,"Jetis, Jonge, Pacarejo, Kec. Semanu, Kabupaten Gunung Kidul, Daerah Istimewa Yogyakarta 55893"
3507,Air Terjun Kedung Kandang,Wisata Pantai,Gunung Kidul,"Patuk, Gunung Kidul",-7.8558279,110.5329504,0.0,"Dusun Gunungbutak, Desa Nglanggeran, Kecamatan Patuk, Gunungkidul"
3508,Pesona Pengklik Pantai Samas,Wisata Pantai,Bantul,"Kretek, Bantul",-8.0045535,110.2681869,5.0,"Sogo Sanden, Srigading, Sanden, Bantul, Daerah Istimewa Yogyakarta 55763"
3509,Pantai Goa Cemara,Wisata Pantai,Bantul,"Sanden, Bantul",-7.999423,110.2467743,0.0,"Jl. Lintas Sel., Patihan, Gadingsari, Sanden, Bantul, Daerah Istimewa Yogyakarta 55763"
3510,Pantai Baru,Wisata Pantai,Bantul,"Sanden, Bantul",-7.988938,110.2188516,0.0,"Ngentak, Poncosari, Kec. Srandakan, Bantul, Daerah Istimewa Yogyakarta 55762"
3511,Pantai Jungwok,Wisata Pantai,Gunung Kidul,"Girisubo, Gunung Kidul",-8.1980306,110.7102276,0.0,"Pendowo, Jepitu, Girisubo, Kabupaten Gunung Kidul, Daerah Istimewa Yogyakarta"
3512,Pantai Watu Lumbung,Wisata Pantai,Gunung Kidul,"Girisubo, Gunung Kidul",-8.1860206,110.6980903,0.0,"Balong, Girisubo, Kabupaten Gunung Kidul, Daerah Istimewa Yogyakarta 55883"
3513,Pantai Seruni,Wisata Pantai,Gunung Kidul,"Tepus, Gunung Kidul",-8.159907,110.6293865,0.0,"Tepus, Gunungkidul, Daerah Istimewa Yogyakarta 55881"
3514,Pantai Congot,Wisata Pantai,Kulon Progo,"Temon, Kulon Progo",-7.8985182,110.0290008,0.0,"Sangkaran, Jangkaran, Kec. Temon, Kabupaten Kulon Progo, Daerah Istimewa Yogyakarta 55654"
3571,Pantai Goa Watulawang,Wisata Pantai,Gunung Kidul,"Semanu, Gunung Kidul",-8.153579,110.617733,0.0,"Pantai, Tepus, Kota Yogyakarta, Daerah Istimewa Yogyakarta 55881"
3572,Pantai Daud,Wisata Pantai,Gunung Kidul,"Tepus, Gunung Kidul",-8.157719,110.624649,0.0,"Pantai, Tepus, Kabupaten Gunung Kidul, Daerah Istimewa Yogyakarta"
3573,Pantai Kajar,Wisata Pantai,Gunung Kidul,"Tepus, Gunung Kidul",-8.158522,110.626539,0.0,"Tepus, Kabupaten Gunung Kidul, Daerah Istimewa Yogyakarta"
3574,Pantai Watunene,Wisata Pantai,Gunung Kidul,"Tepus, Gunung Kidul",-8.159442,110.629225,0.0,"Tepus, Kabupaten Gunung Kidul, Daerah Istimewa Yogyakarta 55881"
3575,Pantai Ngetun,Wisata Pantai,Gunung Kidul,"Tepus, Gunung Kidul",-8.170358,110.652641,0.0,"Sureng, Purwodadi, Tepus, Pantai, Purwodadi, Tepus, Kabupaten Gunung Kidul, Daerah Istimewa Yogyakarta 55881"
3576,Pantai Banyu Nibo,Wisata Pantai,Gunung Kidul,"Tepus, Gunung Kidul",-8.184496,110.68918,0.0,"Purwodadi, Tepus, Kabupaten Gunung Kidul, Daerah Istimewa Yogyakarta 55881, Indonesia"
3577,Pantai Widodaren,Wisata Pantai,Gunung Kidul,"Saptosari, Gunung Kidul",-8.125597,110.521557,0.0,"Kanigoro, Sapto Sari, Kabupaten Gunung Kidul, Daerah Istimewa Yogyakarta 55871"
